题目,A,B,C,D,正确答案,解析连接,图片名称,,,,,
下列关于质点的说法正确的是（ ）,质点是客观存在的一种物体，其体积比分子还小,很长的火车一定不可以看做质点,给正在参加吊环比赛的陈一冰打分时，裁判们可以把陈一冰看做质点,若物体的形状和大小对所研究的问题无影响，即可把物体看做质点,D,https://gz.shuatiw.com/ias/attach/files/content/2020/0324/ce2abd5789f43b844a7f3c8b2919_10026926ex.png,b844a7f3c8b2919_10026926ex.png,,,,,
关于质点下列说法正确的是（）,凡是轻小的物体，都可以看作质点,质点是一个理想化的模型，实际上并不存在,研究一列火车通过某一站台所用的时间时可以看作质点,裁判员给跳水运动员打分时可以看作质点,B,https://gz.shuatiw.com/ias/attach/files/content/2020/0324/11dbc1fbd33667c2b2df6239259e_1021685ex.png,67c2b2df6239259e_1021685ex.png,,,,,
关于质点，下列说法正确的是（）,任何静止的物体都可以视为质点,研究电子自旋时，电子可以视为质点,在平直的高速公路上行驶的小汽车，可视为质点,质点是一个无大小形状的理想化模型，和几何点是一样的,C,https://gz.shuatiw.com/ias/attach/files/content/2020/0324/776e5d3e2fdad88c5ceebe5a62e2_1021384ex.png,d88c5ceebe5a62e2_1021384ex.png,,,,,
下面叙述正确的是（）,在研究某一问题是，物体可视为质点，那么在研究另一个问题时，该物体也一定可视为质点。,研究物体的运动，必须选定参考系。,匀速运动的质点的运动轨迹一定是直线。,在相等的时间内通过的路程相等的运动一定是匀速直线运动。,B,https://gz.shuatiw.com/ias/attach/files/content/2020/0324/314a6fa2c150d0ccb23a8db86a7d_1009699ex.png,d0ccb23a8db86a7d_1009699ex.png,,,,,
下列情况下的物体可以看做质点的是（ ）,研究孙杨在里约奥运会游泳比赛中的手脚动作时,研究“八一”飞行队做特技飞行表演的飞机时,研究帆船手郭川横渡太平洋过程中所在位置时,研究“蛟龙号”深海采集硫化物“烟囱”碎片时,C,https://gz.shuatiw.com/ias/attach/files/content/2020/0324/98684e9357ad29723c687f9016bd_3391451ex.png,29723c687f9016bd_3391451ex.png,,,,,
歌词“小小竹排江中游，巍巍青山两岸走”中，“青山”运动的参考系是（）,两岸,竹排,青山,岸边的树,B,https://gz.shuatiw.com/ias/attach/files/content/2020/0324/789d8b1d9ee8b8d7777e1af4e568_1019120ex.png,b8d7777e1af4e568_1019120ex.png,,,,,
下列关于质点的说法中正确的是（ ）,凡轻小的物体皆可看作质点,只有体积很小的物体才能看作质点,研究地球绕太阳公转时可以将地球看作质点,研究某学生骑车姿势的变化时可以把学生和车看作质点,C,https://gz.shuatiw.com/ias/attach/files/content/2020/0324/4f60beddc2a3686187e35ccc9231_8093425ex.png,686187e35ccc9231_8093425ex.png,,,,,
坐在行驶列车里的乘客，看到铁轨两旁的树木迅速的后退，“行驶的列车”和“树木迅速后退”的参考系分别是（）,地面、地面,地面、列车,列车、列车,列车、地面,B,https://gz.shuatiw.com/ias/attach/files/content/2020/0324/a19e821cdacf6876a64f617ff68e_1008853ex.png,6876a64f617ff68e_1008853ex.png,,,,,
研究以下运动时，对应物体可以当作质点的是( ),石块从高处自由落下,地球自转的效应,花样滑冰运动员的动作表现,火车过桥的时间,A,https://gz.shuatiw.com/ias/attach/files/content/2020/0324/69d5eb4677772749b23cc2211557_8244143ex.png,2749b23cc2211557_8244143ex.png,,,,,
下列运动中的物体，能被看做质点的是（ ）,研究地球的自转,研究电风扇叶片的旋转,评判在冰面上花样滑冰运动员的动作,计算火车从北京到上海的时间,D,https://gz.shuatiw.com/ias/attach/files/content/2020/0324/c136069e15582607e7f02ed04e4c_10145696ex.png,607e7f02ed04e4c_10145696ex.png,,,,,
下列关于质点的说法中，正确的是（ ）,体积很小的物体都可看成质点,质量很小的物体都可看成质点,不论物体的质量多大，只要物体的尺寸对所研究的问题没有影响或影响可以不略不计，就可以看成质点,只有低速运动的物体才可看成质点，高速运动的物体不可看作质点,C,https://gz.shuatiw.com/ias/attach/files/content/2020/0324/19b80c74d31d0fb0e8a8cfa0e4a1_3391418ex.png,0fb0e8a8cfa0e4a1_3391418ex.png,,,,,
如图所示是体育摄影中“追拍法”的成功之作，摄影师眼中清晰的运动员是静止的，而模糊的背景是运动的，摄影师用自己的方式表达了运动的美．请问摄影师选择的参考系是( ),大地,太阳,运动员,步行的人,C,https://gz.shuatiw.com/ias/attach/files/content/2020/0324/ca272bcdd0e371f04811fcf1c3c3_1019495ex.png,71f04811fcf1c3c3_1019495ex.png,,,,,
在下列情况的研究过程中，可以将被研究物体看作质点的是（ ）,研究一列火车从广安开往成都的轨迹,研究街舞比赛中某参赛者的动作,研究子弹穿过一张薄纸所需的时间,研究小木块的翻倒过程,A,https://gz.shuatiw.com/ias/attach/files/content/2020/0324/1e6b432e59862450e216065fd0a9_5566679ex.png,2450e216065fd0a9_5566679ex.png,,,,,
下列情况中的物体，可以看作质点的是（ ）,研究汽车后轮转动时的汽车,体育教练员研究百米赛跑运动员起跑动作,研究从北京开往上海一列火车的运行速度,研究地球自转时的地球,C,https://gz.shuatiw.com/ias/attach/files/content/2020/0324/03464a89571f0accdd4f332ee2bd_6321317ex.png,0accdd4f332ee2bd_6321317ex.png,,,,,
以下几种关于质点的说法，你认为正确的是（ ）,只有体积很小或质量很小的物体才可以看作质点,只要物体运动得不是很快，物体就可以看作质点,质点是一种特殊的实际物体,物体的大小和形状在所研究的问题中起的作用很小，可以忽略不计时，可把它看作质点,D,https://gz.shuatiw.com/ias/attach/files/content/2020/0324/3c662443b2d1c0c3fba37901a57b_4703038ex.png,c0c3fba37901a57b_4703038ex.png,,,,,
在以下的情况中可将研究对象看成质点的是（）,一枚硬币用力上抛，猜测它落地时是正面朝上还是反面朝上,对骑自行车的同学骑车姿势进行生理学分析,分析跳水运动员在跳水比赛中技术特点,分析奥运会冠军邢慧娜在万米长跑中各段所用时间,D,https://gz.shuatiw.com/ias/attach/files/content/2020/0324/63f3f3b221127d51b7dd46dc089a_1006288ex.png,7d51b7dd46dc089a_1006288ex.png,,,,,
关于质点，下列说法正确的是（ ）,地球不能看做质点，而原子核可以看做质点,研究火车通过路旁一根电线杆时，火车可看做质点,研究飞行中直升机螺旋桨的转动情况，螺旋桨可看做质点,研究绕地球转动的人造地球卫星，卫星可看做质点,D,https://gz.shuatiw.com/ias/attach/files/content/2020/0324/791ac5865c5573a6288e4fe60cb4_3591242ex.png,73a6288e4fe60cb4_3591242ex.png,,,,,
下列关于质点的理解与判断的说法中正确的是（ ）,体积小的物体都能看成质点,质量巨大的物体都不能看成质点,观察“嫦娥二号”发射过程某时刻到达的位置时，可将其视为质点,研究第16届亚运会火炬传递路线时，火炬不可以视为质点,C,https://gz.shuatiw.com/ias/attach/files/content/2020/0324/c7c570339805c5dfab1d067cdf89_3925030ex.png,c5dfab1d067cdf89_3925030ex.png,,,,,
明代诗人曾写下这样一首诗：“空手把锄头，步行骑水牛；人在桥上走，桥流水不流”。其“桥流水不流”中的“桥流”应理解成其选择的参考系是（ ）,桥,水,人,地面,B,https://gz.shuatiw.com/ias/attach/files/content/2020/0324/ee754f6c30aa89679d8ec2e65995_12186724ex.png,9679d8ec2e65995_12186724ex.png,,,,,
下列叙述中，正确的是（ ）,参考系必须是地面，否则会引起混淆,研究某个物体的运动，选取不同的参考系描述的情况可能不同,研究物体的运动，可以不借助参考系,物体的运动是客观的，研究时不必选取参考系,B,https://gz.shuatiw.com/ias/attach/files/content/2020/0324/7307f19eb071916391dc69e3ce2d_1003383ex.png,916391dc69e3ce2d_1003383ex.png,,,,,
关于质点，以下说法正确的是（ ）,质量和体积都很大的物体有时也能看成质点,体积很小的物体都可以看成质点．,只有质量和体积都很小的物体才能看成质点,质量很小的物体都可以看成质点,A,https://gz.shuatiw.com/ias/attach/files/content/2020/0324/93e9cf77f8e7109a2ae4c2c534f6_3074744ex.png,109a2ae4c2c534f6_3074744ex.png,,,,,
在不需要考虑物体本身的大小和形状时，可以把物体简化为一个有质量的点，即质点．物理学中，把这种在原型的基础上，突出问题的主要方面，忽略次要因素，经过科学抽象而建立起来的客体称为（ ）,控制变量,理想模型,等效代替,科学假说,B,https://gz.shuatiw.com/ias/attach/files/content/2020/0324/a55ccc4a1e5a6620fce791bec95c_3505225ex.png,6620fce791bec95c_3505225ex.png,,,,,
平直公路上汽车甲中的乘客看见窗外树木向东移动，恰好此时看见另一汽车乙从旁边匀速向西行驶，此时公路上两边站立的人观察的结果是（ ）,甲车向东运动，乙车向西运动,乙车向西运动，甲车不动,甲车向西运动，乙车向东运动,两车均向西运动，乙车速度大于甲车,D,https://gz.shuatiw.com/ias/attach/files/content/2020/0324/d8f05778f691552883833c73fcd0_8474054ex.png,552883833c73fcd0_8474054ex.png,,,,,
关于质点和参考系，下列说法中正确的是（）,质点就是体积很小的点,研究人造地球卫星绕地球一周的时间时，卫星可以被看作质点,只有静止的物体才可以被选做参考系,“小小竹排水中游，巍巍青山两岸走。”歌词中“巍巍青山两岸走”是以河岸为参考系,B,https://gz.shuatiw.com/ias/attach/files/content/2020/0324/b9095e66ce15c4d5c472c365e91f_1015834ex.png,c4d5c472c365e91f_1015834ex.png,,,,,
在研究体育比赛中运动员的运动特点时，下列运动员可以当做质点处理的是(　　),研究姚明在扣篮的动作时,研究李小鹏在双杆上比赛的动作时,研究菲尔普斯100米自由泳触壁的瞬间,记录某马拉松运动员在比赛过程中各时刻的位置时,D,https://gz.shuatiw.com/ias/attach/files/content/2020/0324/651ead4184c82f998cf00475ef01_1020835ex.png,2f998cf00475ef01_1020835ex.png,,,,,
下列情况中的物体，能看作质点的是 （）,太空中绕地球运行的卫星,做花样滑冰动作的运动员,研究地球自转规律时的地球,研究体操运动员在平衡木上的动作时,A,https://gz.shuatiw.com/ias/attach/files/content/2020/0324/04ab18924e63a8b53b13df49d991_1022117ex.png,a8b53b13df49d991_1022117ex.png,,,,,
2017年11月，第十二届中国国际航空航天博览会在广东珠海如期举行，博览会还迎来了英国皇家空军“红箭”特技飞行表演队的中国航展首秀。如图所示，9架表演机保持队形不变飞过观礼台。下列关于“红箭”特技飞行表演的说法正确的是(　　 ),地面上的人看到飞机飞过，是以飞机为参考系,飞行员看到观礼台向后掠过，是以地面为参考系,以编队中某一飞机为参考系，其他飞机是静止的,以编队中某一飞机为参考系，其他飞机是运动的,C,https://gz.shuatiw.com/ias/attach/files/content/2020/0324/25c162aa217311a0955987f56d4a_8474400ex.png,11a0955987f56d4a_8474400ex.png,,,,,
下列运动中的物体，能被看做质点的是（ ）,研究地球的自转,研究电风扇叶片的旋转,评判在冰面上花样滑冰运动员动作,计算火车从北京到上海的时间,D,https://gz.shuatiw.com/ias/attach/files/content/2020/0324/7b194a9a9f65269d61a4ce125748_4706286ex.png,269d61a4ce125748_4706286ex.png,,,,,
我国研制并自行发射的同步卫星，是无线电波传播的中继站，这类卫星需绕地心转动，但我们却觉得它在空中静止不动，这是因为我们所选择的参考系是(　　),太阳,月亮,地球,宇宙飞船,C,https://gz.shuatiw.com/ias/attach/files/content/2020/0324/5fc48c3fdb59759f03636767eef4_1011396ex.png,759f03636767eef4_1011396ex.png,,,,,
下列情况中的物体，可以看作质点的是（ ）,研究地球的自转,研究一列火车的进站时间,研究一列火车从昆明开往丽江的运行时间,研究直升飞机上螺旌桨的转动情况,C,https://gz.shuatiw.com/ias/attach/files/content/2020/0324/e4f667ad3af6c14cf870a6055e06_8008031ex.png,c14cf870a6055e06_8008031ex.png,,,,,
在研究下述运动时，能把物体看做质点的是,研究跳水运动员在空中的跳水动作时,研究飞往火星的火星探测器最佳运行轨道时,研究太阳发生日食现象时,研究天宫一号和神舟八号实现交会对接时,B,https://gz.shuatiw.com/ias/attach/files/content/2020/0324/6c14dacfdf13eaabcd7951f4969c_1019233ex.png,eaabcd7951f4969c_1019233ex.png,,,,,
在火车上的乘客看到车内的人都静止，他选择参考系（ ）,他乘坐的火车,迎面驶来的火车,路旁的房屋,路旁的树木,A,https://gz.shuatiw.com/ias/attach/files/content/2020/0324/c783f3af7f6288f0fb476e595fd0_3073893ex.png,88f0fb476e595fd0_3073893ex.png,,,,,
下列诗句描绘的情景中，含有以流水为参考系的是（ ）,孤帆远影碧空尽，唯见长江天际流,白日依山尽，黄河入海流,飞流直下三千尺，疑是银河落九天,人在桥上走，桥流水不流,D,https://gz.shuatiw.com/ias/attach/files/content/2020/0324/4efbeb92dd540f13931e6193b822_4687654ex.png,0f13931e6193b822_4687654ex.png,,,,,
下列情况中，画横线的物体可以看成质点的是（ ）,研究“神舟十一号”和“天宫二号”如何对接,研究一列从成都开往北京的火车的位置变化情况,研究竞走运动员在参赛过程中是否犯规,研究在校运会上跳高运动员的过杆动作,B,https://gz.shuatiw.com/ias/attach/files/content/2020/0324/f00c03730d98f542bebb2496e1b3_5237795ex.png,f542bebb2496e1b3_5237795ex.png,,,,,
关于参考系的选择，下列说法中正确的是（ ）,必须选择地面为参考系,参考系是可以任意选取的,必须选择静止不动的物体为参考系,必须选择运动的物体为参考系,B,https://gz.shuatiw.com/ias/attach/files/content/2020/0324/0dcce9a9591bb29980f7b1d55b34_10145396ex.png,29980f7b1d55b34_10145396ex.png,,,,,
以下情景中，可以看成质点的选项是( ),小敏观察蚂蚁拖动饭粒时，研究蚂蚁的肢体是如何分工的,小英测算蚂蚁拖到饭粒时，研究蚂蚁5min爬行的路程,在跳水比赛中，裁判员给跳水运动员评分,在跳高训练中，教练观察运动员的跳高过程,B,https://gz.shuatiw.com/ias/attach/files/content/2020/0324/be78bae1cda9ee3bb5389ec844b9_14478197ex.png,e3bb5389ec844b9_14478197ex.png,,,,,
下列说法中正确的是,由于“辽宁舰”航母“高大威武”，故任何情况下都不能看成质点,战斗机飞行员可以把正在甲板上手势指挥的调度员看成是一个质点,在战斗机飞行训练中，研究战斗机的空中翻滚动作时，战斗机可以看成质点,研究“辽宁舰”航母在大海中运动轨迹时，航母可以看成质点,D,https://gz.shuatiw.com/ias/attach/files/content/2020/0324/d45179dea3ab8166532c57dc0742_8474398ex.png,8166532c57dc0742_8474398ex.png,,,,,
下列说法正确的是,研究一名学生从家步行1km到学校的时间可把学生看做质点,出租汽车上标明收费标准为1.6元/km，其中km 指的是位移,光穿过窗玻璃用时为10<sup>-11</sup>秒， 10<sup>-11</sup>是时刻,“巍巍青山两岸走”，在这句歌词中作者是以青山为参考系,A,https://gz.shuatiw.com/ias/attach/files/content/2020/0324/5602e3408d9938720dd442173c2c_1015879ex.png,38720dd442173c2c_1015879ex.png,,,,,
下列关于质点的理解与判断的说法中正确的是( ),体积小的物体都能看成质点,质量巨大的物体都不能看成质点,研究“神十一”的轨迹时，“神十一”可以视为质点,研究“神十一”和“天宫二号”自动交会对接过程时，“神十一”和“天宫二号”可视为质点,C,https://gz.shuatiw.com/ias/attach/files/content/2020/0324/6a6bbd28854c81afd6df9e914123_8093757ex.png,81afd6df9e914123_8093757ex.png,,,,,
下列物体或人,可以看作质点的是（ ）①研究跳水运动员在跳水比赛中的空中姿态②研究长跑运动员在万米长跑比赛中③研究一列火车通过某路口所用的时间④研究我国科学考察船去南极途中,①③,②③,①④,②④,D,https://gz.shuatiw.com/ias/attach/files/content/2020/0324/1fa02d7d16e93da52fae0917c426_8039013ex.png,3da52fae0917c426_8039013ex.png,,,,
下列关于质点的说法，正确的是（ ）,体积很小的物体都可看成质点,质量很小的物体都可看成质点,物体的大小和形状在所研究的问题中起的作用很小，可以忽略不计时，我们就可以把物体看成质点,只有低速运动的物体才可看成质点，高速运动的物体不可看成质点,C,https://gz.shuatiw.com/ias/attach/files/content/2020/0324/528a6a37aa659ab4278257cb59b8_4554396ex.png,9ab4278257cb59b8_4554396ex.png,,,,,
下列关于运动的描述正确的是 (　　),我们说“太阳东升西落”是以太阳为参考系的,我们说“地球围绕太阳转”是以地球为参考系的,我们说“同步卫星在高空静止”是以太阳为参考系的,坐在火车上的乘客看到铁路旁的树木、电线杆迎面向他飞奔而来,乘客是以火车为参考系,D,https://gz.shuatiw.com/ias/attach/files/content/2020/0324/b0192e11871d9d98d2b72126f3b2_8474052ex.png,9d98d2b72126f3b2_8474052ex.png,,,,
第二届夏季青年奥林匹克运动会将于2014年8月在南京举行，青奥会比赛将在“三大场馆区”的15个不同竞赛场馆进行26个项目比赛，将向世界奉献一届精彩的青奥会．在考察下列运动员的比赛成绩时，可视为质点的是（　　）,马拉松,跳水,击剑,体操,A,https://gz.shuatiw.com/ias/attach/files/content/2020/0324/554702f3ad25ed8a470ea5e8b883_1316733ex.png,ed8a470ea5e8b883_1316733ex.png,,,,,
“小小竹排江中流，巍巍青山两岸走”。在这两句诗中，作者在前一句和后一句所选的参考系分别是（ ）,竹排 流水,河岸 竹排,青山 河岸,流水 青山,B,https://gz.shuatiw.com/ias/attach/files/content/2020/0324/4044592c503ca2261db145008959_14543869ex.png,2261db145008959_14543869ex.png,,,,,
图为正在航拍的旋翼无人机，下列过程能将无人机看成质点的是（ ）,调节无人机旋翼转速,调节摄像机镜头方向,研究无人机空中停留时间,研究风力、风向对无人机的影响,C,https://gz.shuatiw.com/ias/attach/files/content/2020/0324/4b9e48b5a6ec4d70d8d7e6a869da_3591287ex.png,4d70d8d7e6a869da_3591287ex.png,,,,,
下列情况中的运动物体，不能被看成质点的是（ ）,研究绕地球运动的卫星的运动情况,计算在传送带上输送的工件数量,计算从北京开往上海的一列动车的运行时间,研究飞行中直升机上的螺旋桨的转动情况,D,https://gz.shuatiw.com/ias/attach/files/content/2020/0324/5c7c156462a4b4d8be0326c89307_3591151ex.png,b4d8be0326c89307_3591151ex.png,,,,,
一个小球从距地面5m高处落下，被地面弹回，在距地面1m高处被接住，坐标原点定在释放点正下方2m处，竖直向下为坐标轴正方向。则小球的释放点、落地点、接住点的位置坐标分别是（ ）,C2m，3，2m,C2m，2m，1m,C2m，C2m，C1m,4m，0，1m,A,https://gz.shuatiw.com/ias/attach/files/content/2020/0324/604732cb5c0f2b877d8458636969_8474390ex.png,2b877d8458636969_8474390ex.png,,,,,
南北朝傅翕曾写下这样一首诗：“空手把锄头，步行骑水牛。人在桥上走，桥流水不流。”其中“桥流水不流”一句应理解成其选择的参照物是(　　),水,桥,人,地面,A,https://gz.shuatiw.com/ias/attach/files/content/2020/0324/a3345b343e90c500425f7f100db2_1009652ex.png,c500425f7f100db2_1009652ex.png,,,,,
下列物体中，不能看做质点的是（ ）,计算火车从北京开往上海的运行时间,研究航天飞机相对地球飞行的周期时，绕地球飞行的航天飞机,正在比赛的花样滑冰运动员,研究地球公转规律时的地球,C,https://gz.shuatiw.com/ias/attach/files/content/2020/0324/5b3388d809ad77e9e0260ca9d6b6_14543871ex.png,7e9e0260ca9d6b6_14543871ex.png,,,,,
下列情况中加划线的物体，哪些不可以看作质点？（）,研究温州<u>快客</u>通过宜山大桥的运行快慢,研究公转规律时的<u>地球</u,研究“神州”六号<u>飞船</u>绕地球运行的高度,研究<u>火车</u>通过一座铁路桥所用的时间,D,https://gz.shuatiw.com/ias/attach/files/content/2020/0324/848c18296274000763f80c70c516_1021951ex.png,000763f80c70c516_1021951ex.png,,,,,
质点是一种理想化的物理模型，下面对质点的理解正确的是（ ）,只有体积很小的物体才可以看作质点,只有质量很小的物体才可以看作质点,研究月球绕地球运动的周期时，可将月球看作质点,因为地球的质量和体积很大，所以在任何情况下都不能将地球看作质点,C,https://gz.shuatiw.com/ias/attach/files/content/2020/0324/078138674460826ce0a9edfe834c_10242462ex.png,26ce0a9edfe834c_10242462ex.png,,,,,
描述一个物体的运动时，关于运动与参考系，以下说法正确的是( ),诗句“满眼波光多闪灼，看山恰似走来迎，仔细看山山不动，是船行”中，“看山恰似走来迎”和“是船行”所选的参考系分别是山和船,诗人陈与义写到：“飞花两岸照船红，百里榆堤半日风，卧看满天云不动，不知云与我俱东。”在这首诗当中，“云与我俱东”是以两岸的红花为参考系的,“坐地日行八万里，巡天遥看一千河。”这一句诗表明坐在地上的人是绝对静止的,在夜晚，发现“月亮在白莲花般的云朵里穿行”，这时选定的参考系是月亮,B,https://gz.shuatiw.com/ias/attach/files/content/2020/0324/8849da2d8c46719cfb53e69b5b48_10556256ex.png,19cfb53e69b5b48_10556256ex.png,,,,,
分析下列运动项目比赛中运动员的运动情况时，可将运动员视为质点的是（ ）,武术,蹦床,自由体操,马拉松赛跑,D,https://gz.shuatiw.com/ias/attach/files/content/2020/0324/1384ff7ec56352d3be976c544248_3620454ex.png,52d3be976c544248_3620454ex.png,,,,,
某校高一的新同学分别乘两辆汽车去市公园游玩。两辆汽车在平直公路上运动，甲车内一同学看见乙车没有运动，而乙车内一同学看见路旁的树木向西移动。如果以地面为参考系，那么，上述观察说明（ ）,甲车不动，乙车向东运动,乙车不动，甲车向东运动,甲车向西运动，乙车向东运动,甲、乙两车以相同的速度都向东运动,D,https://gz.shuatiw.com/ias/attach/files/content/2020/0324/58b2ca380abba9be3d8d236d32b0_1018209ex.png,a9be3d8d236d32b0_1018209ex.png,,,,,
下列关于质点的说法中正确的是（）,只要是体积很小的球体就可以视为质点,研究一汽车从淮阴到南京的运动时间时可以将其视为质点,因为太阳的体积太大了，所以任何情况下都不可以将其视为质点,质量很大的物体无论在任何情况下都不能看成质点,B,https://gz.shuatiw.com/ias/attach/files/content/2020/0324/c33196f65549dae4dd367f9104d8_1019183ex.png,dae4dd367f9104d8_1019183ex.png,,,,,
运动质点的vx图象如图所示，图线为顶点在坐标原点，开口向右的一条抛物线，则下列判断不正确的是（　　）,质点做初速度为零的匀加速直线运动,质点的加速度大小为5m/s<sup>2</su,质点在3s末的速度大小为30m/s,质点在0～3s内的平均速度大小为7.5m/s,C,https://gz.shuatiw.com/ias/attach/files/content/2020/0324/92a2741751a5d5c8db291361b136_4510987ex.png,d5c8db291361b136_4510987ex.png,,,,,
由于卫星的发射场不在赤道上，同步卫星发射后需要从转移轨道经过调整再进入地球同步轨道．当卫星在转移轨道上飞经赤道上空时，发动机点火，给卫星一附加速度，使卫星沿同步轨道运行．已知同步卫星的环绕速度约为3.1×103m/s，某次发射卫星飞经赤道上空时的速度为1.55×103m/s，此时卫星的高度与同步轨道的高度相同，转移轨道和同步轨道的夹角为30°，如图所示，发动机给卫星的附加速度的方向和大小约为（ ）,西偏北方向，1.9×10<sup>3</sup>m/s,东偏南方向，1.9×10<sup>3</sup>m/s,西偏北方向，2.7×10<sup>3</sup>m/s,东偏南方向，2.7×10<sup>3</sup>m/s,B,https://gz.shuatiw.com/ias/attach/files/content/2020/0324/f5a3b0996a746a9e5517f67955d0_2456443ex.png,6a9e5517f67955d0_2456443ex.png,,,,,
如图所示，工地上常用的塔吊起吊重物时，塔吊的水平横臂保持静止，悬挂重物的小车沿水平横臂匀速运动，同时使吊钩下的重物匀速上升．关于重物的运动，下列判断正确的有（　　）,做曲线运动,做直线运动,速度大小不变，方向不改变,速度大小和方向都不变,D,https://gz.shuatiw.com/ias/attach/files/content/2020/0324/edc74925b1ef36f055d51653fd61_1345969ex.png,36f055d51653fd61_1345969ex.png,,,,,
小船在100m宽的水中渡河，水流速度为5m/s，船在静水中的速度为4m/s，则以下说法中正确的是（ ）,小船渡河的最短时间为20s,要使小船渡河的位移最短，则船身与河岸上游应垂直,船渡河的最小位移为100m,船渡河的最小位移为125m,D,https://gz.shuatiw.com/ias/attach/files/content/2020/0324/32cdf5b1d938f6b2a09c6a9b0e0b_4425677ex.png,f6b2a09c6a9b0e0b_4425677ex.png,,,,,
小华同学遥控小船做过河实验，并绘制了四幅小船过河的航线图如图所示．图中实线为河岸，河水的流动速度不变，方向如图水平向右，虚线为小船从河岸M驶向对岸N的实际航线，小船相对于静水的速度不变．则（ ）,img alt="" height="106" src="/files/attach/files/content/2020/0324/0a0242ae5bcf7af6331dfa568f67cff9.png" v:shapes="_x0000_i1126" width="120"/>航线是正确的，船头保持图中的方向，小船过河时间最短,img alt="" height="103" src="/files/attach/files/content/2020/0324/9b85513c9efeb5a5a6bb11cbd0db1450.png" v:shapes="_x0000_i1125" width="120"/>航线是正确的，船头保持图中的方向，小船过河时间最短,img alt="" height="103" src="/files/attach/files/content/2020/0324/b7069102d7d2a1ea25bec637e2364f2a.png" v:shapes="_x0000_i1124" width="120"/>航线是正确的，船头保持图中的方向，小船过河位移最短,img alt="" height="103" src="/files/attach/files/content/2020/0324/bd69262283d275e23826dc10f3e345ad.png" v:shapes="_x0000_i1123" width="120"/>航线是不正确的，如果船头保持图中的方向，船的轨迹应该是曲线,B,https://gz.shuatiw.com/ias/attach/files/content/2020/0324/7ddcc89b1ba392827c09d89a5821_4425883ex.png,92827c09d89a5821_4425883ex.png,,,,,
如图所示，湖中有一条小船，岸上人用缆绳跨过定滑轮拉船靠岸。若用恒速υ0拉绳，当绳与竖直方向成α角时。小船前进的瞬时速度是( ),υ<sub>0</sub>sinα,υ<sub>0</sub>/sinα,υ<sub>0</sub>cosα,υ<sub>0</sub>/cosα,B,https://gz.shuatiw.com/ias/attach/files/content/2020/0324/cc9563c7bb64fc747cd20c4ac6ac_8264491ex.png,fc747cd20c4ac6ac_8264491ex.png,,,,,
如图，在离水面高度为H的岸边，有人收绳子，使船靠岸，为了使船匀速靠岸，拉绳的速度必须是（）,匀速,加速,减速,先加速后减速,C,https://gz.shuatiw.com/ias/attach/files/content/2020/0324/cc65fb0e2fd803fcc8f3c76e151c_1012654ex.png,03fcc8f3c76e151c_1012654ex.png,,,,,
A、B两物体通过一根跨过定滑轮的轻绳相连放在水平面上，现物体A以v1的速度向右匀速运动，当绳被拉成与水平面夹角分别是α、β时，如图所示．物体B的运动速度vB为(绳始终有拉力)(　　),i>v</i><sub>1</sub>sin<i>α</i>/sin<i>β</i,i>v</i><sub>1</sub>cos<i>α</i>/sin<i>β</i,i>v</i><sub>1</sub>sin<i>α</i>/cos<i>β</i,i>v</i><sub>1</sub>cos<i>α</i>/cos<i>β</i,D,https://gz.shuatiw.com/ias/attach/files/content/2020/0324/cd467897d2c82bd43ddf490f1846_1011806ex.png,2bd43ddf490f1846_1011806ex.png,,,,,
关于运动的合成分解，下列说法正确的是（ ）,合运动的方向就是物体实际运动的方向,合速度的大小一定比每个分速度的大小都大,两个匀变速直线运动的合运动一定也是匀变速直线运动,两个直线运动的合运动一定也是直线运动,A,https://gz.shuatiw.com/ias/attach/files/content/2020/0324/24b9e536f7c0444abfc01f64000e_4706036ex.png,444abfc01f64000e_4706036ex.png,,,,,
物体在匀速下降过程中遇到水平方向吹来的风，若风速越大，则物体（）,下落的时间越短,下落的时间越长,落地时的速度越小,落地时速度越大,D,https://gz.shuatiw.com/ias/attach/files/content/2020/0324/01b27a254fce77f234354d467c0d_1019148ex.png,77f234354d467c0d_1019148ex.png,,,,,
一艘船在静水中的速度为3m/s，今欲过一条宽为60 m的河,若已知水的流速为4 m/s,则船过河的最短时间为（ ）,20s,15s,12s,10s,A,https://gz.shuatiw.com/ias/attach/files/content/2020/0324/5229da214871eafb56fe89a814fa_8072665ex.png,eafb56fe89a814fa_8072665ex.png,,,
某人以一定的速率垂直河岸将船向对岸划去，当水流匀速时，关于他过河所需的时间、发生位移与水速的关系是（）,水速小时，位移小，时间短,水速大时，位移大，时间长,水速大时，位移大，时间不变,位移、时间与水速无关,C,https://gz.shuatiw.com/ias/attach/files/content/2020/0324/71adbc2ae7bc4702fd504667a243_1023071ex.png,4702fd504667a243_1023071ex.png,,,,,
如图所示，在水平力F作用下，物体B沿水平面向右运动，物体A恰匀速上升，那么以下说法正确的是（ ）,物体B正向右做匀减速运动,斜绳与水平成30°时， <img src="/files/attach/files/content/2020/0324/1585043169.292.png",地面对B的摩擦力减小,物体B正向右做加速运动,B,https://gz.shuatiw.com/ias/attach/files/content/2020/0324/3bffaf5fef75f441a9ab85d5193c_13292788ex.png,441a9ab85d5193c_13292788ex.png,,,,,
如图所示，甲、乙两船在同一条河流中同时开始渡河，河宽为H，河水流速为u，划船速度均为v，出发时两船相距  ，甲、乙船头均与岸边成60°角，且乙船恰好能直达对岸的A点，则下列判断正确的是（ ）,甲、乙两船到达对岸的时间不同,两船可能在未到达对岸前相遇,甲船在A点右侧靠岸,甲船也在A点靠岸,D,https://gz.shuatiw.com/ias/attach/files/content/2020/0324/ddc5558b222b66f2493f1991bd5f_4394818ex.png,66f2493f1991bd5f_4394818ex.png,,,,,
下面说法中正确的是(　　),做曲线运动的物体，其速度方向必定变化,速度变化的运动必定是曲线运动,加速度恒定的运动不可能是曲线运动,加速度变化的运动必定是曲线运动,A,https://gz.shuatiw.com/ias/attach/files/content/2020/0324/f3bb858a3bc336d115e3d291e40e_1023341ex.png,36d115e3d291e40e_1023341ex.png,,,,,
一轮船以一定的速度垂直河流向对岸行驶，当河水匀速流动时，轮船所通过的路程、过河所用的时间与水流速度的正确关系是（ ）,水速越大，路程越长，时间越长,水速越大，路程越短，时间越短,水速越大，路程和时间都不变,水速越大，路程越长，时间不变,D,https://gz.shuatiw.com/ias/attach/files/content/2020/0324/d27218fcd82f33fab1e2a2a152a2_3926553ex.png,33fab1e2a2a152a2_3926553ex.png,,,,,
游泳运动员以恒定的速率垂直于河岸渡河，当水速突然变大时，对运动员渡河时间和经 历的路程产生的影响是( ),路程变大，时间延长,路程变大，时间不变,路程变大，时间缩短,路程和时间均不变,B,https://gz.shuatiw.com/ias/attach/files/content/2020/0324/4283a9c5ea99cc67ef35d8048484_10242682ex.png,c67ef35d8048484_10242682ex.png,,,,,
已知河水的流速为v1  ， 小船在静水中的速度为v2  ， 且v2＞v1  ， 用小箭头表示小船，箭头指向表示船头的指向，则能正确反映小船以最短时间渡河．以最短位移渡河的情景图示依次是（ ）,①②,④⑤,①⑤,②③,B,https://gz.shuatiw.com/ias/attach/files/content/2020/0324/0b02fa105e691a15035389c00d53_4705818ex.png,1a15035389c00d53_4705818ex.png,,,,,
如图所示，红蜡块可以在竖直玻璃管内的水中匀速上升，速度为v  ， 若在红蜡块从A点开始匀速上升的同时，玻璃管从AB位置由静止开始水平向右做匀加速直线运动，加速度大小为a  ， 则红蜡块的实际运动轨迹可能是图中的（ ）,曲线Q,直线P,曲线R,无法确定,A,https://gz.shuatiw.com/ias/attach/files/content/2020/0324/21c0a1bc6a833db73106ce39b819_7984107ex.png,3db73106ce39b819_7984107ex.png,,,,,
某人以一定的速率垂直于河岸向对岸游去，当河水是匀速运动时，人所游过的路程、过河的时间与水速的关系是（ ）,水速大时，路程长，时间短,水速大时，路程长，时间不变,水速大时，路程长，时间长,水速、路程与时间无关,B,https://gz.shuatiw.com/ias/attach/files/content/2020/0324/48ce6ce170f0579b2a158f45ae87_5564781ex.png,579b2a158f45ae87_5564781ex.png,,,,,
下列说法正确的是( ),合运动和分运动互相影响，不能独立进行,合运动的时间一定比分运动的时间长,合运动和分运动具有等时性，即同时开始、同时结束,合运动的位移大小等于两个分运动位移大小之和,C,https://gz.shuatiw.com/ias/attach/files/content/2020/0324/bf463b6c8eca77863c6e5af2d4e5_11148866ex.png,7863c6e5af2d4e5_11148866ex.png,,,,,
如图所示，物体A和B的质量均为m，且分别与跨过定滑轮的轻绳连接（不计绳与滑轮、滑轮与轴之间的摩擦），在用水平变力F拉物体B沿水平方向向右做匀速直线运动的过程中，下列说法正确的是（ ）,物体A也做匀速直线运动,物体A做匀加速直线运动,绳子对物体A的拉力等于物体A的重力,绳子对物体A的拉力大于物体A的重力,D,https://gz.shuatiw.com/ias/attach/files/content/2020/0324/a3eb5d843b06de065b38437eac8b_13309434ex.png,e065b38437eac8b_13309434ex.png,,,,,
某质点在恒力F作用下从A点沿图4所示曲线运动到B点，到达B点后，质点受到的力大小不变，但方向恰与F相反，则它从B点开始的运动轨迹可能是图中的哪条曲线 （ ）,曲线a,曲线,曲线c,以上三条曲线都不可能,A,https://gz.shuatiw.com/ias/attach/files/content/2020/0324/a8bd7869d20209389355503d9ca8_1022341ex.png,09389355503d9ca8_1022341ex.png,,,,,
小明同学遥控小船做过河实验，并绘制了四幅小船过河的航线图．图中实线为河岸，河水的流动速度不变，方向如图水平向右，虚线为小船从河岸M驶向对岸N的实际航线，小船相对于静水的速度不变．则（ ）,航线图甲是正确的，船头保持图中的方向，小船过河时间最短,航线图乙是正确的，船头保持图中的方向，小船过河时间最短,航线图丙是正确的，船头保持图中的方向，小船过河位移最短,航线图丁不正确的，如果船头保持图中的方向，船的轨迹应该是曲线,A,https://gz.shuatiw.com/ias/attach/files/content/2020/0324/3939586d8ab00ae9f05231455529_3487033ex.png,0ae9f05231455529_3487033ex.png,,,,,
设有一冰球以匀速v0沿直线运动在光滑无摩擦的水平平面上从a点运动到b点，忽略空气阻力．图为俯视图．当冰球运动到b点时受到图示中黑箭头方向的快速一击．这之后冰球有可能沿如下哪一条轨迹运动？（ ）,img alt="" height="84" src="/files/attach/files/content/2020/0324/46e53e2103d61d015e4b74c13315b705.png" v:shapes="_x0000_i1119" width="66",img alt="" height="64" src="/files/attach/files/content/2020/0324/54dea253de6f1f268c8ae93fcbc36bf0.png" v:shapes="_x0000_i1118" width="100",img alt="" height="62" src="/files/attach/files/content/2020/0324/19d3274592a94c97ff04c171e76f649c.png" v:shapes="_x0000_i1117" width="116",img alt="" height="74" src="/files/attach/files/content/2020/0324/4f467f160182cfd45e6a6dadf6b4d73b.png" v:shapes="_x0000_i1116" width="103",B,https://gz.shuatiw.com/ias/attach/files/content/2020/0324/96a3bf633df8111db80660a4d91e_5919955ex.png,111db80660a4d91e_5919955ex.png,,,,,
某人从码头坐船到河止对岸的码头，此时河水流速较大，航行时他发观艄公为了将他送到正对岸，船头并不垂直于河岸，而是略朝向上游，请问艄公这样做的主要目的是什么（ ）,为了多绕点路看风景,为了节省体力,为了节省时间,为了船的路程最小,D,https://gz.shuatiw.com/ias/attach/files/content/2020/0324/04d9e9c874acaeef75eaaa061db7_5919299ex.png,aeef75eaaa061db7_5919299ex.png,,,,,
下列关于力和运动的说法中正确的是（ ）,物体在恒力作用下不可能做曲线运动,物体在变力作用下可能做曲线运动,物体在变力作用下不可能做直线运动,物体的受力方向与它的速度方向不在同一条直线上时，有可能做直线运动,B,https://gz.shuatiw.com/ias/attach/files/content/2020/0324/2a16ef383248c96636568083cd68_1022333ex.png,c96636568083cd68_1022333ex.png,,,,,
关于物体做曲线运动的条件，以下说法中正确的是（ ）,初速度不为零的质点，受到与初速度的方向不在同一条直线上的外力作用,质点受到外力作用,质点加速度的方向必须发生变化,质点受到的外力与加速度不在一条直线上,A,https://gz.shuatiw.com/ias/attach/files/content/2020/0324/14e74c828eb7420e770918cda6a6_1023765ex.png,420e770918cda6a6_1023765ex.png,,,,,
如图所示，船从A处开出后沿直线AB到达对岸，若AB与河岸成37°角，水流速度为4m/s  ， 则船从A点开出的最小速度为（　　）,2<span>m/s</span,2．4<span>m/s</span,3<span>m/s</span,3．5<span>m/s</span,B,https://gz.shuatiw.com/ias/attach/files/content/2020/0324/3c2bac5e5f29c8c23d91c6666940_1345972ex.png,c8c23d91c6666940_1345972ex.png,,,,,
如图所示，一辆行驶的汽车将一重物A提起，若要使重物A匀速上升，则在此过程中，汽车的运动情况是（ ）,加速运动,减速运动,匀速运动,不能确定,B,https://gz.shuatiw.com/ias/attach/files/content/2020/0324/972c2cd3f078a1911b0a736bb07b_4553578ex.png,a1911b0a736bb07b_4553578ex.png,,,,,
关于曲线运动，下列说法正确的是（　　）,匀速圆周运动的物体所受的向心力一定指向圆心，非匀速圆周运动的物体所受的向心力可能不指向圆心,做曲线运动的物体，速度也可以保持不变,只要物体做圆周运动，它所受的合外力一定指向圆心,做匀变速曲线运动的物体，相等时间内速度的变化量一定相同,D,https://gz.shuatiw.com/ias/attach/files/content/2020/0324/bed39da6c3e637aa5090181e8424_7865001ex.png,37aa5090181e8424_7865001ex.png,,,,,
如图所示，有两条位于同一竖直平面内的水平轨道，轨道上有两个物体A和B，它们通过一根绕过定滑轮O的不可伸长的轻绳相连接，物体A以速率  =10m/s匀速运动，在绳与轨道成30°角时，物体B的速度大小  为（ ）,5m/s,img src="/files/attach/files/content/2020/0324/1585043082.728.png"> m/s</img,20 m/s,img src="/files/attach/files/content/2020/0324/1585043082.953.png"/> m/s,D,https://gz.shuatiw.com/ias/attach/files/content/2020/0324/339bce8e1e03b3ed8bf252bcd943_11618192ex.png,3ed8bf252bcd943_11618192ex.png,,,,,
如图，人沿平直的河岸以速度v行走，且通过不可伸长的绳拖船，船沿绳的方向行进，此过程中绳始终与水面平行．当绳与河岸的夹角为α，船的速率为（ ）,vsinα,img src="/files/attach/files/content/2020/0324/1585043090.544.png",vcosα,img src="/files/attach/files/content/2020/0324/1585043091.345.png",C,https://gz.shuatiw.com/ias/attach/files/content/2020/0324/6e5bc3c012aeec4da0483271edac_6322583ex.png,ec4da0483271edac_6322583ex.png,,,,,
如图所示，汽车在岸上用轻绳拉船，若汽车行进速度为v，拉船的绳与水平方向夹角为  ，则船速度为（ ）,img src="/files/attach/files/content/2020/0324/1585043066.727.png",img src="/files/attach/files/content/2020/0324/1585043067.492.png",img src="/files/attach/files/content/2020/0324/1585043067.721.png",img src="/files/attach/files/content/2020/0324/1585043068.498.png",C,https://gz.shuatiw.com/ias/attach/files/content/2020/0324/90b1a760da8392c104f1292fd93d_11735254ex.png,2c104f1292fd93d_11735254ex.png,,,,,
已知河水自西向东流动，流速为v1  ， 小船在静水中的速度为v2  ， 且v2＞v1  ， 用小箭头表示船头的指向及小船在不同时刻的位置，虚线表示小船过河的路径，则下图中可能的是（ ）,①③,②③,③④,①④,C,https://gz.shuatiw.com/ias/attach/files/content/2020/0324/831c0a4ac62e94eb3ef38b411147_4085945ex.png,94eb3ef38b411147_4085945ex.png,,,,,
人用绳子通过定滑轮拉物体A，A穿在光滑的竖直杆上，当以速度v0匀速地拉绳使物体A到达如图所示位置时，绳与竖直杆的夹角为θ  ， 则物体A实际运动的速度是(　 　),v<sub>0</sub>sin θ,v<sub>0</sub>/cosθ,v<sub>0</sub>/sinθ,v<sub>0</sub>cos θ,B,https://gz.shuatiw.com/ias/attach/files/content/2020/0324/6c37f623f2deb1cf18ea24563c85_8204525ex.png,b1cf18ea24563c85_8204525ex.png,,,,,
某船在静水中航行的速率恒定，现该船在一条水流速度一定的河里渡河，下列说法正确的是（　　）,船身垂直河岸向对岸航行，实际航线最短,船身垂直河岸向对岸航行，航行时间最短,船头朝向上游，调整船身与河岸的夹角，一定可以垂直过河,船头朝向上游，使船与河岸成某一夹角航行时，有可能使航行时间最短,B,https://gz.shuatiw.com/ias/attach/files/content/2020/0324/364420756c1b6a89e870c51f9caa_4508529ex.png,6a89e870c51f9caa_4508529ex.png,,,,,
如图所示，轻质不可伸长的细绳，绕过光滑定滑轮C，与质量为m的物体A连接，A放在倾角为θ的光滑斜面上，绳的另一端和套在固定竖直杆上的物体B连接．现BC连线恰沿水平方向，从当前位置开始B以速度v0匀速下滑．设绳子的张力为T，在此后的运动过程中，下列说法正确的是（ ）,物体A做加速运动,物体A做匀速运动,T可能小于mgsinθ,T等于mgsinθ,A,https://gz.shuatiw.com/ias/attach/files/content/2020/0324/63875e0e4367d4b7c2bd46562ec8_3556440ex.png,d4b7c2bd46562ec8_3556440ex.png,,,,,
如图所示，人在岸上用轻绳拉船，若人匀速行进，则船将做（ ）,匀速运动,匀加速运动,变加速运动,减速运动,C,https://gz.shuatiw.com/ias/attach/files/content/2020/0324/b2ce68eb75925af7bb265d3667db_4554234ex.png,5af7bb265d3667db_4554234ex.png,,,,,
如图所示，红蜡块可以在竖直玻璃管内的水中匀速上升，若在红蜡块从A点开始匀速上升的同时，玻璃管从AB位置水平向右做匀减速直线运动，则红蜡块的实际运动轨迹可能是图中的（ ）,直线P,曲线Q,曲线R,三条轨迹都有可能,C,https://gz.shuatiw.com/ias/attach/files/content/2020/0324/7d367f1b237a3f747d185b430bdf_5068491ex.png,3f747d185b430bdf_5068491ex.png,,,,,
竖直放置两端封闭的玻璃管内注满清水和一个用红蜡做成的圆柱体，玻璃管倒置时圆柱体能匀速运动，已知圆柱体运动的速度大小为5cm/s，与水平方向成θ=53°，如图所示，则玻璃管水平方向运动的速度为（sin53°=0.8，cos53°=0.6）（ ）,5cm/s,4cm/s,3cm/s,无法确定,C,https://gz.shuatiw.com/ias/attach/files/content/2020/0324/f1e78b6ed34de6f7c550c7273da7_4992684ex.png,e6f7c550c7273da7_4992684ex.png,,,,,
在杂技表演中，猴子沿竖直杆向上做初速度为零、加速度为a的匀加速运动，同时人顶着直杆以速度v0水平向右匀速移动，经过时间t，猴子沿杆向上移动的高度为h，人顶杆沿水平地面移动的距离为x，如图所示，关于猴子的运动情况，下列说法中正确的是（ ）,相对地面的运动轨迹为直线,相对地面做变加速曲线运动,t时刻猴子对地速度的大小为v<sub>0</sub>+at,t时间内猴子对地的位移大小为 <img src="/files/attach/files/content/2020/0324/1585043046.310.png",D,https://gz.shuatiw.com/ias/attach/files/content/2020/0324/5b73f929b17b5439f826ee30820e_4425879ex.png,5439f826ee30820e_4425879ex.png,,,,,
船在静水中的速度是  ， 河岸笔直，河宽恒定，河水流速为  ， 以下说法正确的是（　　）,因船速小于流速，船不能到达对岸,船不能沿直线过河,船可以垂直过河,船过河的最短时间是一定的,D,https://gz.shuatiw.com/ias/attach/files/content/2020/0324/75c6ee50b11997f62d5f3a8f69a0_1345970ex.png,97f62d5f3a8f69a0_1345970ex.png,,,,,
小船横渡一条河，船本身提供的速度大小方向都不变，已知小船的运动轨迹如图所示，则河水的流速（）,越接近B岸水速越大,越接近B岸水速越小,由A到B水速先增后减,水流速度恒定,B,https://gz.shuatiw.com/ias/attach/files/content/2020/0324/4ee58734cfcff3b6c74c0ff8ab3e_1011189ex.png,f3b6c74c0ff8ab3e_1011189ex.png,,,,,
如图所示，有一竖直放置的“T”形架，表面光滑，滑块A、B分别套在水平杆与竖直杆上，A、B用一不可伸长的轻细绳相连，A、B质量相等，且可看作质点，开始时细绳水平伸直，A、B静止．由静止释放B后，已知当滑块B沿着竖直杆下滑的速度大小为  ，A的速度大小为v，则细绳与竖直方向的夹角为  为（ ）,60°,30°,45°,无法确定,A,https://gz.shuatiw.com/ias/attach/files/content/2020/0324/f72894c1c3dbb07d6c6379675676_12071340ex.png,07d6c6379675676_12071340ex.png,,,,,
一汽船载客渡河，若其在静水中的速度一定，河水的流速也不变，且v船 > v水  ， 则：（ ）,使船身方向垂直于河岸，渡河路程最短,使船身方向垂直于河岸，渡河最省时,船沿垂直于河岸的路线到达对岸，渡河最省时,不管船向什么方向行驶，船都无法垂直到达正对岸,B,https://gz.shuatiw.com/ias/attach/files/content/2020/0324/b1649fbdd894f641a739bd42af2c_12036668ex.png,641a739bd42af2c_12036668ex.png,,,,,
关于运动的合成和分解，下列说法正确的是,合运动的时间等于两个分运动的时间之和,匀变速运动的轨迹可以是直线，也可以是曲线,曲线运动的加速度方向可能与速度在同一直线上,分运动是直线运动，则合运动必是直线运动,B,https://gz.shuatiw.com/ias/attach/files/content/2020/0324/61d38f164aa9fb131b28f78fa11e_1021578ex.png,fb131b28f78fa11e_1021578ex.png,,,,,
如图所示，在水平地面上做匀速直线运动的汽车，通过定滑轮用绳子吊起一个物体，若汽 车和被吊物体在同一时刻的速度分别为v1和v2  ， 则下面说法正确的是（　　）,物体做匀速运动，且v<sub>2</sub>=v<sub>1</sub,物体做加速运动，且v<sub>2</sub>＞v<sub>1</sub,物体做加速运动，且v<sub>2</sub>＜v<sub>1</sub,物体做减速运动，且v<sub>2</sub>＜v<sub>1</sub,C,https://gz.shuatiw.com/ias/attach/files/content/2020/0324/85af85c176b5bddbe988fca656f5_4511069ex.png,bddbe988fca656f5_4511069ex.png,,,,,
如图所示，绳子跨接在定滑轮上把物块A和小车连接起来，在不计摩擦和绳子质量的条件下，当小车沿水平方向向右匀速运动时，下列说法中正确的是（ ）,绳的拉力大于物体A的重力,绳的拉力等于物体A的重力,绳的拉力小于物体A的重力,绳的拉力先大于A的重力，后变为小于A的重力,A,https://gz.shuatiw.com/ias/attach/files/content/2020/0324/714fec1b18fbd8611a9c74481523_4934190ex.png,d8611a9c74481523_4934190ex.png,,,,,
地面观察者看到雨竖直下落时，坐在匀速前进的列车车厢中的乘客看到的雨滴是( ),向前运动,向后运动,倾斜落向前下方,倾斜落向后下方,D,https://gz.shuatiw.com/ias/attach/files/content/2020/0324/c17539ae68b02d584e4f24022500_14613233ex.png,d584e4f24022500_14613233ex.png,,,,,
（选做题A）某人以一定的速率垂直河岸将船向对岸划去，当水流匀速时，关于它过河所需时间、发生的位移与水速的关系是（ ）,水速小时，时间短，位移小,水速大时，时间长，位移大,水速大时，时间不变，位移大,位移，时间与水速无关,C,https://gz.shuatiw.com/ias/attach/files/content/2020/0324/a8461ad3af00a3a34faefdd88637_3495351ex.png,a3a34faefdd88637_3495351ex.png,,,,,
一条船的船头垂直于河岸，当船行驶到河中心时，河水流速突然增大，下列说法错误的是（ ）,渡河路程变短,渡河时间不变,到达对岸时的速度增大,渡河通过的路程比位移的大小要大,A,https://gz.shuatiw.com/ias/attach/files/content/2020/0324/78577bb572c4cc9c41a4201131d8_4933388ex.png,cc9c41a4201131d8_4933388ex.png,,,,,
一艘小船在100m宽的河中横渡到对岸，已知水流速度是3m/s，小船在静水中的速度是4m/s，欲使渡河时间最短，渡河位移和渡河最短时间是分别是（ ）,100m、20s,125m、20s,100m、25s,125m、25s,D,https://gz.shuatiw.com/ias/attach/files/content/2020/0324/685abf30eb958e3bd3b240b7e5d0_3926802ex.png,8e3bd3b240b7e5d0_3926802ex.png,,,,,
如图所示，重物M沿竖直杆下滑，并通过平行于斜面的细绳带动小车沿斜面升高．当滑轮右侧的绳与竖直方向成θ角且重物下滑的速率为v时，小车的速度为（ ）,img src="/files/attach/files/content/2020/0324/1585042987.496.png",img src="/files/attach/files/content/2020/0324/1585042988.272.png",img src="/files/attach/files/content/2020/0324/1585042989.696.png",img src="/files/attach/files/content/2020/0324/1585042990.408.png",C,https://gz.shuatiw.com/ias/attach/files/content/2020/0324/ed0caccf3a9a695f4c5fe96de79e_8298770ex.png,695f4c5fe96de79e_8298770ex.png,,,,,
竖直放置两端封闭的玻璃管内注满清水和一个用红蜡做成的圆柱体，玻璃管倒置时圆柱体能匀速运动。已知圆柱体运动的速度大小为5cm/s，与水平方向成q=53°，如图所示，则玻璃管水平方向运动的速度为（sin53°=0.8、 cos53°=0.6） （ ）,5cm/s,4cm/s,3cm/s,无法确定,C,https://gz.shuatiw.com/ias/attach/files/content/2020/0324/9e8931bd67436dc5d129af5ae14f_8205111ex.png,6dc5d129af5ae14f_8205111ex.png,,,,,
游泳运动员以恒定的速率垂直河岸横渡，当水速突然增大时，对运动员横渡经历的路程、时间发生的影响是（ ）,路程增加、时间增加,路程增加、时间缩短,路程增加、时间不变,路程、时间均与水速无关,C,https://gz.shuatiw.com/ias/attach/files/content/2020/0324/37773dae9e2b01f7e52c2d472b90_4992170ex.png,01f7e52c2d472b90_4992170ex.png,,,,,
一艘轮船以一定的静水船速、船头垂直河岸向对岸行驶，河水匀速流动（河道是直的），如图所示，轮船渡河通过的路程和所用时间与水流速度的关系是（ ）,静水船速越大，则路程越长，所用时间也越长,静水船速越大，则路程越长，所用时间不变,水流速度越大，则路程越长，所用时间不变,水流速度越大，路程和时间均不变,C,https://gz.shuatiw.com/ias/attach/files/content/2020/0324/9a45c63fbf6f076494344f2b0eeb_8173515ex.png,076494344f2b0eeb_8173515ex.png,,,,,
对于两个分运动，下列说法正确的是（ ）,合运动的速度一定大于两个分运动的速度,合运动的速度一定大于其中一个分运动的速度,合运动的方向就是物体实际运动的方向,仅由两分速度的大小就可确定合速度的大小,C,https://gz.shuatiw.com/ias/attach/files/content/2020/0324/51f0a4fd8274c64406e9283014bf_4127093ex.png,c64406e9283014bf_4127093ex.png,,,,,
如图所示，物体A以速度v沿杆匀速下滑，A用轻质细绳通过摩擦不计的定滑轮拉光滑水平面上的物体B，当绳与竖直方向夹角为θ时，B的速度为（ ）,vcosθ,vsinθ,img src="/files/attach/files/content/2020/0324/1585042989.583.png",img src="/files/attach/files/content/2020/0324/1585042990.446.png",A,https://gz.shuatiw.com/ias/attach/files/content/2020/0324/a6eee39e0f9d8a60c3fdb1ffd2c7_4932904ex.png,8a60c3fdb1ffd2c7_4932904ex.png,,,,,
小船在静水中的速度为5m/s，它在一条河宽150m、水流速度为3m/s的河流中渡河，则该小船（ ）,不能到达正对岸,渡河的时间可能少于30s,以最短位移渡河时，船头与上游河岸所成的夹角为53°,以最短时间渡河时，它沿水流方向的位移大小为112.5m,C,https://gz.shuatiw.com/ias/attach/files/content/2020/0324/800054b2ea0c8981758963ad9496_5566247ex.png,8981758963ad9496_5566247ex.png,,,,,
如图所示，做匀速直线运动的汽车A通过一根绕过定滑轮的长绳吊起一重物B，设重物和汽车的速度的大小分别为vB、vA  ， 则（ ）,v<sub>A</sub>=v<sub>B</sub,v<sub>A</sub>＜v<sub>B</sub,v<sub>A</sub>＞v<sub>B</sub,重物B的速度逐渐减小,C,https://gz.shuatiw.com/ias/attach/files/content/2020/0324/0b10abbb67ffb68e7a7f0bd8d54f_4553636ex.png,b68e7a7f0bd8d54f_4553636ex.png,,,,,
如图所示，某人游长江，他以一定速度，面部始终垂直河岸向对岸游去  江中各处水流速度相等  他游过的路程、过河所用的时间与水速的关系是,水速大时，路程长，时间长,水速大时，路程长，时间短,水速大时，路程长，时间不变,路程、时间与水速无关,C,https://gz.shuatiw.com/ias/attach/files/content/2020/0324/f9be254300c4877ba6266081c476_10027046ex.png,77ba6266081c476_10027046ex.png,,,,,
如图所示，一根长为 L 的轻杆 OA，O 端用铰链固定，轻杆靠在一个高为 h 的物块上，某时杆 与水平方向的夹角为θ，物块向右运动的速度 v，则此时A点速度为（ ）,img src="/files/attach/files/content/2020/0324/1585042958.479.png",img src="/files/attach/files/content/2020/0324/1585042958.684.png",img src="/files/attach/files/content/2020/0324/1585042959.385.png",img src="/files/attach/files/content/2020/0324/1585042959.595.png",C,https://gz.shuatiw.com/ias/attach/files/content/2020/0324/f3396f567bc8f6726dee2ffdcf09_8254429ex.png,f6726dee2ffdcf09_8254429ex.png,,,,,
关于运动的合成，下列说法中正确的是（ ）,合运动的速度一定比每一个分运动的速度大,两个直线运动的合运动一定是直线运动,两个分运动的时间一定与合运动时间相等,两个初速度不为零的互成角度的匀加速直线运动的合成一定是曲线运动,C,https://gz.shuatiw.com/ias/attach/files/content/2020/0324/b113e4912dabdcd150ae2db947d3_4126983ex.png,dcd150ae2db947d3_4126983ex.png,,,,,
如图1是书本上演示小蜡块运动规律的装置．在蜡块沿玻璃管（y方向）上升的同时，将玻璃管紧贴着黑板沿水平方向（x方向）向右运动，得到了蜡块相对于黑板（xoy平面）运动的轨迹图（图2）．则蜡块沿玻璃管的上升运动与玻璃管沿水平方向的运动，可能的形式是（ ）,小蜡块沿玻璃管做匀加速直线运动，玻璃管沿水平方向做匀加速直线运动,小蜡块沿玻璃管做匀加速直线运动，玻璃管沿水平方向做匀速直线运动,小蜡块沿玻璃管做匀速直线运动，玻璃管沿水平方向先加速后减速,小蜡块沿玻璃管做匀速直线运动，玻璃管沿水平方向先减速后加速,C,https://gz.shuatiw.com/ias/attach/files/content/2020/0324/32165da385a7b6b518dc2f723290_4932902ex.png,b6b518dc2f723290_4932902ex.png,,,,,
江中某轮渡站两岸的码头A和B正对，如图所示，水流速度恒定且小于船速，若要使渡船直线往返于两码头之间，则船在航行时应（）,往返时均使船垂直河岸航行,往返时均使船头适当偏向上游一侧,往返时均使船头适当偏向下游一侧,从A码头驶往B码头，应使船头适当偏向上游一侧，返回时应使船头适当偏向下游一侧,B,https://gz.shuatiw.com/ias/attach/files/content/2020/0324/ff0a12462f19bb1cb0cc44368028_1023747ex.png,bb1cb0cc44368028_1023747ex.png,,,,,
如图所示，红蜡块能在玻璃管的水中匀速上升，若红蜡块在 A点匀速上升的同时，使玻璃管水平向右作匀加速直线运动，则红蜡块实际运动的轨迹是图中的 （ ）,曲线<i>Q</i,直线<i>p</i,曲线<i>R</i,无法确定,A,https://gz.shuatiw.com/ias/attach/files/content/2020/0324/ca4857aab07e14393007c202049c_1012648ex.png,14393007c202049c_1012648ex.png,,,,,
如图所示，一根长直轻杆AB在墙角沿竖直墙和水平地面滑动．当AB杆和墙的夹角为θ时，杆的A端沿墙下滑的速度大小为v1  ， B端沿地面滑动的速度大小为v2  ， 则v1、v2的关系是（ ）,v<sub>1</sub>=v<sub>2</sub,v<sub>1</sub>=v<sub>2</sub>cosθ,v<sub>1</sub>=v<sub>2</sub>tanθ,v<sub>1</sub>=v<sub>2</sub>sinθ,C,https://gz.shuatiw.com/ias/attach/files/content/2020/0324/cf30c7e9307fd49200956dbc80ff_3540764ex.png,d49200956dbc80ff_3540764ex.png,,,,,
如图所示，红蜡块能在玻璃管内的水中匀加速上升，若红蜡块在从A点匀加速上升的同时，玻璃管水平向右做匀速直线运动，则红蜡块实际运动的轨迹是图中的 ( ),直线P,曲线Q,曲线R,无法确定,C,https://gz.shuatiw.com/ias/attach/files/content/2020/0324/72513e1e684df0a6a227d6c1d887_6850791ex.png,f0a6a227d6c1d887_6850791ex.png,,,,,
以下几种带电体所带的电量不可能的是（ ）,6.4×10<sup></sup><sup>19</sup>C,9.6×10<sup></sup><sup>19</sup>C,4.0×10<sup></sup><sup>20</sup>C,1.92×10<sup></sup><sup>18</sup>C,C,https://gz.shuatiw.com/ias/attach/files/content/2020/0324/b9e05c2e7e5b91add98e46cd0437_3068134ex.png,91add98e46cd0437_3068134ex.png,,,,,
小明用丝绸摩擦玻璃棒，然后再用玻璃棒接触不带电的验电器的金属小球，发现验电器的金属杆下面的箔片张开，则下列说法中正确的有（　　）,丝绸与玻璃棒摩擦使玻璃棒凭空产生了电荷,摩擦后的玻璃棒不带电荷,玻璃棒可能带3.04×10<sup>18</sup>C的正电荷,玻璃棒可能带4.0×10<sup>19</sup>C的正电荷,C,https://gz.shuatiw.com/ias/attach/files/content/2020/0324/19233f4311b96d004dc069206332_4446297ex.png,6d004dc069206332_4446297ex.png,,,,,
对物体带电现象的叙述，正确的是（ ）,不带电的物体一定没有电荷,摩擦起电过程本质上是电荷从一个物体转移到另一个物体的过程,一根带电的导体棒放在潮湿的房间，发现导体棒不带电了，这过程中电荷不守恒,物体的带电荷量可以是任意值,B,https://gz.shuatiw.com/ias/attach/files/content/2020/0324/8ced3fcc61f5e58dc229d8e7fe0e_3170659ex.png,e58dc229d8e7fe0e_3170659ex.png,,,,,
科学家在研究原子、原子核及基本粒子时，为了方便，常常用元电荷作为电量的单位，关于元电荷，下列论述中不正确的是（ ）,把质子或电子叫元电荷,1.6×10<sup>19</sup>C的电量叫元电荷,电子带有最小的负电荷，其电量的绝对值叫元电荷,质子带有最小的正电荷，其电量的绝对值叫元电荷,A,https://gz.shuatiw.com/ias/attach/files/content/2020/0324/f4239722e6690639a42c0859e1de_3192472ex.png,0639a42c0859e1de_3192472ex.png,,,,,
用一根跟毛皮摩擦过的硬橡胶棒，靠近不带电验电器的金属小球a，然后用手指瞬间接触一下金属杆a后拿开橡胶棒，这时验电器小球a和金箔b的带电情况是（　　）,a带正电，b带负电,a带负电，b带正电,a、b均带正电,a、b均不带电,C,https://gz.shuatiw.com/ias/attach/files/content/2020/0324/870a5257d2116fe98701d9b4dd47_4446327ex.png,6fe98701d9b4dd47_4446327ex.png,,,,,
下列关于元电荷的说法中正确的是（ ）,元电荷就是电子和质子本身,某带电体所带电量可能为2.8×10<sup></sup><sup>19</sup>C,物体所带的电量只能是元电荷的整数倍,最小电荷量最早由物理学家牛顿用著名的油滴实验测定,C,https://gz.shuatiw.com/ias/attach/files/content/2020/0324/fafc413cbac9910387856c661e10_3592063ex.png,910387856c661e10_3592063ex.png,,,,,
物理学引入“点电荷”概念，从科学方法上来说是属于(),控制变量的方法,观察实验的方法,建立物理模型的方法,等效替代的方法,C,https://gz.shuatiw.com/ias/attach/files/content/2020/0324/44cfa15c5180a8685d983c735a17_1009856ex.png,a8685d983c735a17_1009856ex.png,,,,,
甲、乙两个带电体之间的静电力为引力，可以肯定( ),它们都带正电,它们都带负电,甲的电量大于乙的电量,一个带正电，另―个带负电,D,https://gz.shuatiw.com/ias/attach/files/content/2020/0324/b8354dd2c7294b94489bacf6493f_1001533ex.png,4b94489bacf6493f_1001533ex.png,,,,,
两个相同的金属小球A、B，所带的电量qA=+q0、qB=7q0  ， 相距r放置时，相互作用的引力大小为F．现将A球与B球接触，再把A、B两球间的间距增大到2r，那么A、B之间的相互作用力将变为（ ）,斥力、<img src="/files/attach/files/content/2020/0324/1585031569.014.png",斥力、<img src="/files/attach/files/content/2020/0324/1585031570.130.png",引力、<img src="/files/attach/files/content/2020/0324/1585031569.014.png",引力、<img src="/files/attach/files/content/2020/0324/1585031570.130.png",A,https://gz.shuatiw.com/ias/attach/files/content/2020/0324/cf769415f5074a7b8442da6a1e95_5338553ex.png,4a7b8442da6a1e95_5338553ex.png,,,,,
富兰克林提出存在正、负两种电荷，但物体通常呈电中性，这是因为（）,物体没有电荷,物体的正负电荷一样多,物体很容易失去电荷,以上说法都不正确,B,https://gz.shuatiw.com/ias/attach/files/content/2020/0324/5f116c997cc52ad218b2e3f75c78_1002823ex.png,2ad218b2e3f75c78_1002823ex.png,,,,,
A、B是两个一样的金属球，带电量分别为QA=2Q、QB=Q，现用导线将它们连起来，则（　　）,A将失去质子，B将失去电子,连接瞬间，导线中有从A到B的电流,稳定后A球带电量为Q，B球不带电,通过导线的电荷量为Q,B,https://gz.shuatiw.com/ias/attach/files/content/2020/0324/2cea930b965659f00efc8d8a862d_4446323ex.png,59f00efc8d8a862d_4446323ex.png,,,,,
富兰克林是根据带电体间的相互作用，发现电荷有正、负两种，如图所示，绝缘细线上端固定，下端悬挂一轻质小球a，a的表面镀有铝膜，在a的近旁有一固定绝缘金属球b，则（）,若a顺时针摆动，证明a、b带同种电荷,若a逆时针摆动，证明a、b带异种电荷,若a顺时针摆动，证明a、b带异种电荷,若a逆时针摆动，证明a、b带同种电荷,D,https://gz.shuatiw.com/ias/attach/files/content/2020/0324/771cf2b410507f67dcd1b2cd5eea_1002930ex.png,7f67dcd1b2cd5eea_1002930ex.png,,,,,
两金属小球所带电荷量分别为+3Q和Q，将两小球接触后，它们所带的电荷量一共为（　　）,+4Q,+2Q,#NAME?,Q,B,https://gz.shuatiw.com/ias/attach/files/content/2020/0324/30bb449188239a392efe2e45b38c_4446041ex.png,9a392efe2e45b38c_4446041ex.png,,,,,
关于感应电流的产生，下列说法中正确的是（ ）,导体相对磁场运动，导体内一定会产生感应电流,导体做切割磁感线运动，导体内一定会产生感应电流,穿过闭合电路的磁通量发生变化，电路中一定会产生感应电流,闭合电路在磁场中做切割磁感线运动，电路中一定会产生感应电流,C,https://gz.shuatiw.com/ias/attach/files/content/2020/0324/648b729aba9856dc573c9b90d2cd_4890496ex.png,56dc573c9b90d2cd_4890496ex.png,,,,,
如图所示，有一正方形闭合线圈，在足够大的匀强磁场中运动，下列四个图中能产生感应电流的是图（ ）,img alt="" height="72" src="/files/attach/files/content/2020/0324/7622f616481fef521bcdaf9744212b65.png" v:shapes="_x0000_i1081" width="69",img alt="" height="80" src="/files/attach/files/content/2020/0324/adfb5a23794732c64397aad8dbe4c4a8.png" v:shapes="_x0000_i1080" width="68",img alt="" height="72" src="/files/attach/files/content/2020/0324/443c95357ac6b205aed5aff9256ad858.png" v:shapes="_x0000_i1079" width="81",img alt="" height="96" src="/files/attach/files/content/2020/0324/b3b328b8f3295c2364e4c494a2c49cfa.png" v:shapes="_x0000_i1078" width="62",D,https://gz.shuatiw.com/ias/attach/files/content/2020/0324/d2a173329eed8e6c0c62b48e5874_3375897ex.png,8e6c0c62b48e5874_3375897ex.png,,,,,
如图所示为两个同心闭合线圈的俯视图，若内线圈中通有图示的电流I1  ， 则当I1增大时关于外线圈中的感应电流I2的方向及I2受到的安培力F的方向，下列判断正确的是（ ）,I<sub>2</sub>沿顺时针方向，F沿半径指向圆心,I<sub>2</sub>沿逆时针方向，F沿半径背离圆心,I<sub>2</sub>沿逆时针方向，F沿半径指向圆心,I<sub>2</sub>沿顺时针方向，F沿半径背离圆心,B,https://gz.shuatiw.com/ias/attach/files/content/2020/0324/92f8c0ba7c0bf669a62abeb27a21_4893952ex.png,f669a62abeb27a21_4893952ex.png,,,,,
老师做了一个物理小实验让学生观察：一轻质横杆两侧各固定一金属环，横杆可绕中心点自由转动，老师拿一条形磁铁插向其中一个小环，后又取出插向另一个小环，同学们看到的现象是（ ）,磁铁插向左环，横杆发生转动,磁铁插向右环，横杆发生转动,无论磁铁插向左环还是右环，横杆都不发生转动,无论磁铁插向左环还是右环，横杆都发生转动,B,https://gz.shuatiw.com/ias/attach/files/content/2020/0324/157b9190c4d88db82d4ac25990df_4891084ex.png,8db82d4ac25990df_4891084ex.png,,,,,
如图所示，两根相距为l的平行直导轨ab、cd、b、d间连有一固定电阻R，导轨电阻可忽略不计．MN为放在ab和cd上的一导体杆，与ab垂直，其电阻也为R．整个装置处于匀强磁场中，磁感应强度的大小为B，磁场方向垂直于导轨所在平面（指向图中纸面内）．现对MN施力使它沿导轨方向以速度v（如图）做匀速运动．令U表示MN两端电压的大小，则（ ）,U= <img src="/files/attach/files/content/2020/0324/1585029740.774.png"> vBl，流过固定电阻R的感应电流由b到d</img,U= <img src="/files/attach/files/content/2020/0324/1585029740.774.png"> vBl，流过固定电阻R的感应电流由d到b</img,U=vBl，流过固定电阻R的感应电流由b到d,U=vBl，流过固定电阻R的感应电流由d到b,A,https://gz.shuatiw.com/ias/attach/files/content/2020/0324/0d9f4afeb8275f1dd70c643212ff_4893960ex.png,5f1dd70c643212ff_4893960ex.png,,,,,
物理学的基本原理在生产生活中有着广泛应用。在下列四种器件中，利用电磁感应原理工作的是（ ）,扼流圈,示波管,显像管,质谱仪,A,https://gz.shuatiw.com/ias/attach/files/content/2020/0324/24148158d833e4ac57a553e272b0_11991538ex.png,4ac57a553e272b0_11991538ex.png,,,,,
关于电磁感应现象，下列说法中正确的是（ ）,闭合线圈放在变化的磁场中，必然有感应电流产生,闭合正方形线圈在匀强磁场中垂直磁感线运动，必然产生感应电流,穿过闭合线圈的磁通量变化时，线圈中有感应电流,只要穿过电路的磁通量发生变化，电路中一定有感应电流产生,C,https://gz.shuatiw.com/ias/attach/files/content/2020/0324/44229d81848d01e0205347689ab4_4858502ex.png,01e0205347689ab4_4858502ex.png,,,,,
在匀强磁场中有两条平行的金属导轨，磁场方向与导轨平面垂直，导轨上有两条可沿导轨自由移动的导体棒ab、cd，它们的运动速度分别为v1、v2  ， 运动方向如图所示，ab棒上有感应电流通过，则一定有（ ）,v<sub>1</sub>＞v<sub>2</sub,v<sub>1</sub>＜v<sub>2</sub,v<sub>1</sub>≠v<sub>2</sub,v<sub>1</sub>＝v<sub>2</sub,C,https://gz.shuatiw.com/ias/attach/files/content/2020/0324/105e180dd87a0bc1bdb25cfb3555_6855825ex.png,0bc1bdb25cfb3555_6855825ex.png,,,,,
用相同导线绕制的边长为L或2L的四个闭合导体框，以相同的速度匀速进入右侧匀强磁场，如图所示。在每个线框进入磁场的过程中，M、N两点间的电压分别为Ua、Ub、Uc、Ud。下列判断正确的是（ ）,i>U<sub>a</sub></i>&lt;<i>U<sub>b</sub></i>&lt;<i>U<sub>c</sub></i>&lt;<i>U<sub>d</sub></i,i>U<sub>a</sub></i>&lt;<i>U<sub>b</sub></i>&lt;<i>U<sub>d</sub></i>&lt;<i>U<sub>c</sub></i,i>U<sub>a</sub></i>＝<i>U<sub>b</sub></i>&lt;<i>U<sub>c</sub></i>＝<i>U<sub>d</sub></i,i>U<sub>b</sub></i>&lt;<i>U<sub>a</sub></i>&lt;<i>U<sub>d</sub></i>&lt;<i>U<sub>c</sub></i,B,https://gz.shuatiw.com/ias/attach/files/content/2020/0324/926219e87472006ada73a44b40d2_1021318ex.png,006ada73a44b40d2_1021318ex.png,,,,,
如图所示，一个矩形线圈abcd放在垂直于纸面向外的匀强磁场中，O1O2是线圈的对称轴．线圈在下列各种运动中，整个线圈始终处于磁场之内，能使线圈中产生感应电流的是（　　）,沿纸面向左移动,沿纸面向上移动,垂直纸面向里移动,以<span>O</span><span><sub>1</sub>O</span><span><sub>2</sub></span>为轴转动,D,https://gz.shuatiw.com/ias/attach/files/content/2020/0324/e41b9e50416da1e8d5eb189d32de_1453838ex.png,a1e8d5eb189d32de_1453838ex.png,,,,,
彼此绝缘、相互交叉的两根通电直导线与闭合线圈共面，图中穿过线圈的磁通量可能为零的是（　　）,img alt="" height="71" src="/files/attach/files/content/2020/0324/de7589d1edbc727530b85087e6f26e1b.png" v:shapes="_x0000_i1036" width="90",img alt="" height="65" src="/files/attach/files/content/2020/0324/e28cb77e9fb540d93249a21967442475.png" v:shapes="_x0000_i1037" width="89",img alt="" height="69" src="/files/attach/files/content/2020/0324/c59f6abd42fc551c04ee0e58fd1bd6dc.png" v:shapes="_x0000_i1038" width="86",img alt="" height="63" src="/files/attach/files/content/2020/0324/54f6b8f63fa575a57bc1c3d1eb617fcc.png" v:shapes="_x0000_i1039" width="72"/> ,A,https://gz.shuatiw.com/ias/attach/files/content/2020/0324/841d05a6f143c879512b5a4fb1cf_1419759ex.png,c879512b5a4fb1cf_1419759ex.png,,,,,
关于产生感应电流的条件，以下说法中正确的是（ ）,闭合电路在磁场中运动，闭合电路中就一定会有感应电流,闭合电路在磁场中作切割磁感线运动，闭合电路中一定会有感应电流,穿过闭合电路的磁通为零的瞬间，闭合电路中一定不会产生感应电流,无论用什么方法，只要穿过闭合电路的磁通量发生了变化，闭合电路中一定会有感应电流,D,https://gz.shuatiw.com/ias/attach/files/content/2020/0324/e70182e79a6af56a896d5c9602af_3388367ex.png,f56a896d5c9602af_3388367ex.png,,,,,
我国古代四大发明中，涉及到电磁现象应用的发明是,印刷术　,造纸术　,指南针　,火药,C,https://gz.shuatiw.com/ias/attach/files/content/2020/0324/122bfea8adbb2ca51e151bfb3036_1017891ex.png,2ca51e151bfb3036_1017891ex.png,,,,,
如图，边长为L均匀导线制成的单匝正方形闭合线框abcd自磁场上方h高度处自由下落，刚进入磁场时恰好做匀速直线运动．现减小下落的高度h也能使线框在刚进入磁场时就做匀速直线运动，则可行的方案是（ ）,用同种规格的导线，做成边长为2L的单匝线框,用同种规格的导线，做成边长仍为L的双匝线框,用同种材料但粗一些的导线，做成边长仍为L的单匝线框,用密度相同但电阻率较小的导线，做成边长为2L的单匝线框,D,https://gz.shuatiw.com/ias/attach/files/content/2020/0324/2cfcde79e477fe21db0455477198_3413853ex.png,fe21db0455477198_3413853ex.png,,,,,
电磁感应现象揭示了电和磁之间的内在联系，根据这一发现，发明了许多电器设备．下列用电器中，没有利用电磁感应原理的是（ ）,动圈式话筒,日光灯镇流器,磁带录音机,白炽灯泡,D,https://gz.shuatiw.com/ias/attach/files/content/2020/0324/7ceef67ea4b92f4b8c947eac4913_3376179ex.png,2f4b8c947eac4913_3376179ex.png,,,,,
发电的基本原理之一是电磁感应，发现电磁感应现象的科学家是(　 　),安培,赫兹,法拉第,麦克斯韦,C,https://gz.shuatiw.com/ias/attach/files/content/2020/0324/6e249d440962fc923cd5a659f07b_1017716ex.png,fc923cd5a659f07b_1017716ex.png,,,,,
钳形电流测量仪的结构图如图所示，其铁芯在捏紧扳手时会张开，可以在不切断被测载流导线的情况下，通过内置线圈中的电流值I和匝数n获知载流导线中的电流大小I0  ， 则关于该钳形电流测量仪的说法正确的是（ ）,该测量仪可测量直流电的电流,载流导线中电流大小I<sub>0</sub>= <img src="/files/attach/files/content/2020/0324/1585029679.552.png",若钳形部分铁芯没有完全闭合，测量出的电流将小于实际电流,若将载流导线在铁芯上多绕几匝，钳形电流测量仪的示数将变小,C,https://gz.shuatiw.com/ias/attach/files/content/2020/0324/6360c561565fa0346121ebe541cb_4085772ex.png,a0346121ebe541cb_4085772ex.png,,,,,
著名物理学家弗曼曾设计过一个实验，如图所示.在一块绝缘板上中部安一个线圈，并接有电源，板的四周有许多带负电的小球，整个装置支撑起来. 忽略各处的摩擦，当电源接通的瞬间，下列关于圆盘的说法中正确的是（ ）,圆盘将逆时针转动（俯视）,圆盘将顺时针转动（俯视）,圆盘不会转动,圆盘先逆时针转再顺时针转（俯视）,A,https://gz.shuatiw.com/ias/attach/files/content/2020/0324/e4692e023690cc801b2bdeb4c98b_13211680ex.png,c801b2bdeb4c98b_13211680ex.png,,,,,
如图，直角三角形金属框abc放置在匀强磁场中，磁感应强度大小为B，方向平行于ab边向上。ac、bc两金属棒分别串有电压表、电流表，当金属框绕ab边以逆时针转动时，下列判断正确的是( ),电压表有读数，电流表没有读数,电压表有读数，电流表也有读数,电压表无读数，电流表有读数,电压表无读数，电流表也无读数,D,https://gz.shuatiw.com/ias/attach/files/content/2020/0324/02810bfa9f51c0dc7d1aba939a2c_11471878ex.png,0dc7d1aba939a2c_11471878ex.png,,,,,
如图所示，a、b是平行金属导轨，匀强磁场垂直导轨平面，c、d是分别串有电压表和电流表的金属棒，它们与导轨接触良好，当c、d以相同速度向右运动时，下列说法正确的是（ ）,两表均有读数,两表均无读数,电流表有读数，电压表无读数,电流表无读数，电压表有读数,B,https://gz.shuatiw.com/ias/attach/files/content/2020/0324/91a6a8755ccd805831b12cb49781_4548430ex.png,805831b12cb49781_4548430ex.png,,,,,
物理学的基本原理在生产生活中有着广泛应用．下面列举的四种器件中，在工作时利用了电磁感应现象的是（ ）,回旋加速器,日光灯,质谱仪,速度选择器,B,https://gz.shuatiw.com/ias/attach/files/content/2020/0324/e6d44c54e3453df60837d7f1e526_5338773ex.png,3df60837d7f1e526_5338773ex.png,,,,,
如图所示，水平放置的平行金属导轨左边接有电阻R，轨道所在处有竖直向下的匀强磁场,金属棒ab横跨导轨，第一次用恒定的拉力F作用下由静止开始向右运动，稳定时速度为2v，第二次保持拉力的功率P恒定，由静止开始向右运动，稳定时速度为３v(除R外，其余电阻不计，导轨光滑)，在两次金属棒ab速度为v时加速度分别为a1、a2  ， 则（）,a<sub>1</sub>＝<img src="/files/attach/files/content/2020/0324/1585029642.388.png"/>a<sub>2</sub,a<sub>1</sub>＝<img src="/files/attach/files/content/2020/0324/1585029643.124.png"/>a<sub>2</sub,a<sub>1</sub>＝<img src="/files/attach/files/content/2020/0324/1585029643.867.png"/>a<sub>2</sub,a<sub>1</sub>＝<img src="/files/attach/files/content/2020/0324/1585029644.590.png"/>a<sub>2</sub,A,https://gz.shuatiw.com/ias/attach/files/content/2020/0324/e4bc7f3ba65315e661a9d35c30c9_1007699ex.png,15e661a9d35c30c9_1007699ex.png,,,,
下列说法正确的是（ ）,法拉第通过精心设计的实验，发现了电磁感应现象，首先发现电与磁存在联系,法拉第首先提出了分子电流假说,我们周围的一切物体都在辐射电磁波,一束光照射到某种金属上不能发生光电效应，可能是因为这束光的频率太大,C,https://gz.shuatiw.com/ias/attach/files/content/2020/0324/4afe203e86d92d2fcfc8678a60be_4438487ex.png,2d2fcfc8678a60be_4438487ex.png,,,,,
平行闭合线圈的匝数为n，所围面积为S，总电阻为R，在Δt时间内穿过每匝线圈的磁通量变化为ΔΦ，则通过导线某一截面的电荷量为（ ）,img src="/files/attach/files/content/2020/0324/1585029630.792.png",img src="/files/attach/files/content/2020/0324/1585029631.016.png",img src="/files/attach/files/content/2020/0324/1585029631.740.png",img src="/files/attach/files/content/2020/0324/1585029632.454.png",D,https://gz.shuatiw.com/ias/attach/files/content/2020/0324/3a83edfc917285812ae235899c19_11284986ex.png,5812ae235899c19_11284986ex.png,,,,,
下列现象中，属于电磁感应现象的是( ),小磁针在通电导线附近发生偏转,通电线圈在磁场中转动,因闭合线圈在磁场中运动而产生的电流,磁铁吸引小磁针,C,https://gz.shuatiw.com/ias/attach/files/content/2020/0324/cd937df7cd210b0dfbfb8cf7d705_6855767ex.png,0b0dfbfb8cf7d705_6855767ex.png,,,,,
在物理学中许多规律是通过实验发现的，下列说法正确的是（）,麦克斯韦通过实验首次证明了电磁波的存在,牛顿通过理想斜面实验发现了物体的运动不需要力来维持,奥斯特通过实验发现了电流的热效应,法拉第通过实验发现了电磁感应现象,D,https://gz.shuatiw.com/ias/attach/files/content/2020/0324/7c2d05e5b47300b9bac5c829999f_1013875ex.png,00b9bac5c829999f_1013875ex.png,,,,,
如图所示，直径为L的半圆形硬导体PQ以速度v在水平U形导体框架上匀速滑动，匀强磁场的磁感应强度大小为B  ， 导体框架中接入定值电阻，阻值为R0  ， 半圆形硬导体PQ的电阻为r  ， 其余电阻不计，则半圆形导体PQ切割磁感线产生的感应电动势大小及P、Q之间的电势差分别为 (　　),i>BLv</i>；<i>BLv</i,i>BLv</i>；<img src="/files/attach/files/content/2020/0324/1585029618.444.png",i>BLv</i>；<img src="/files/attach/files/content/2020/0324/1585029618.844.png",img src="/files/attach/files/content/2020/0324/1585029619.559.png"/>；<img src="/files/attach/files/content/2020/0324/1585029619.786.png",C,https://gz.shuatiw.com/ias/attach/files/content/2020/0324/a71447e3e4e060dfbff102fb9e49_1014143ex.png,60dfbff102fb9e49_1014143ex.png,,,,,
奥斯特发现电流的磁效应的这个实验中，小磁针应该放在（　　）,南北放置的通电直导线的上方,东西放置的通电直导线的上方,南北放置的通电直导线同一水平面内的左侧,东西放置的通电直导线同一水平面内的右侧,A,https://gz.shuatiw.com/ias/attach/files/content/2020/0324/7c6c16f2d3845c6e71f19ab811fa_1419758ex.png,5c6e71f19ab811fa_1419758ex.png,,,,,
下列哪些电器件在工作时，不是应用电磁感应现象的是（ ）,电磁炉,水力发电机,动圈式话筒,干电池,D,https://gz.shuatiw.com/ias/attach/files/content/2020/0324/db0b69c86e0e2805d0ab45f0c4b3_11059644ex.png,805d0ab45f0c4b3_11059644ex.png,,,,,
如图所示，当磁铁突然向铜环运动时，铜环的运动情况是( ),向右摆动,向左摆动,静止,无法判定,A,https://gz.shuatiw.com/ias/attach/files/content/2020/0324/9fdb0f19a95e332da8a1a0ca69dc_11328604ex.png,32da8a1a0ca69dc_11328604ex.png,,,,,
如图所示，通有恒定电流的螺线管竖直放置，电流方向如图，铜环R螺线管轴线下落，下落过程中环面始终保持水平，铜环先后经过轴线上1、2、3三个位置，位置2处于螺线管的中心，位置1、3与位置2等距，则（ ）,从上向下看，环经过位置1时，感应电流是逆时针的,从上向下看，环经过位置3时，感应电流是逆时针的,环在位置2时的加速度小于重力加速度,环在位置3的磁通量比在位置2时大,B,https://gz.shuatiw.com/ias/attach/files/content/2020/0324/e67302c3d4f4a02202a781017e25_4889604ex.png,a02202a781017e25_4889604ex.png,,,,,
如图甲所示，导体棒MN置于水平导轨上，PQ之间有阻值为R的电阻，PQNM所为的面积为S，不计导轨和导体棒的电阻。导轨所在区域内存在沿竖直方向的磁场，规定磁场方向竖直向上为正，在0~2t0时间内磁感应强度的变化情况如图乙所示，导体棒MN始终处于静止状态。下列说法正确的是（ ）,在0~t<sub>0</sub>和t<sub>0</sub>~2t<sub>0</sub>内，导体棒受到导轨的摩擦力方向相同,在t<sub>0</sub>~2t<sub>0</sub>内，通过电阻R的电流方向为P到Q,在0~t<sub>0</sub>内，通过电阻R的电流大小为 <img src="/files/attach/files/content/2020/0324/1585029599.750.png",在0~2t<sub>0</sub>内，通过电阻R的电荷量为 <img src="/files/attach/files/content/2020/0324/1585029600.513.png",D,https://gz.shuatiw.com/ias/attach/files/content/2020/0324/526fea813a3aa66a58c25872daf9_9175868ex.png,a66a58c25872daf9_9175868ex.png,,,,,
如图所示，竖直平面内有一金属环，半径为a，总电阻为R（指拉直时两端的电阻），磁感应强度为B的匀强磁场垂直穿过环平面，在环的最高点A用铰链连接长度为2a、电阻为  的导体棒AB，AB由水平位置紧贴环面摆下，当摆到竖直位置时，B点的线速度为v，则这时AB两端的电压大小为（ ）,img src="/files/attach/files/content/2020/0324/1585029604.542.png",img src="/files/attach/files/content/2020/0324/1585029605.288.png",img src="/files/attach/files/content/2020/0324/1585029605.506.png",Bav,A,https://gz.shuatiw.com/ias/attach/files/content/2020/0324/10ebf4fbf14368c2c74134226281_4888472ex.png,68c2c74134226281_4888472ex.png,,,,,
如图所示，开始时矩形线框与匀强磁场的方向垂直，且一半在磁场内，一半在磁场外，若要使线框中产生感应电流，下列办法中不可行的是（ ）,将线框向左拉出磁场,以ab边为轴转动（小于90°）,以ad边为轴转动（小于60°）,以bc边为轴转动（小于60°）,D,https://gz.shuatiw.com/ias/attach/files/content/2020/0324/e2cfe5969715e7c0122a44e429dd_4890386ex.png,e7c0122a44e429dd_4890386ex.png,,,,,
如图为探究产生电磁感应现象条件的实验装置，下列情况中不能引起电流计指针转动的是（ ）,闭合电键瞬间,断开电键瞬间,闭合电键后拔出铁芯瞬间,断开电键使变阻器的滑动头向右移动,D,https://gz.shuatiw.com/ias/attach/files/content/2020/0324/e74ce5370c5d954fa1a8163c1e19_3477515ex.png,954fa1a8163c1e19_3477515ex.png,,,,,
闭合电路的一部分导线ab处于匀强磁场中，若导线分别按照下图中各情况在纸面内运动，能在电路中产生感应电流的情形是（ ）,都会产生感应电流,都不会产生感应电流,甲、乙不会产生感应电流，丙、丁会产生感应电流,甲、丙会产生感应电流，乙、丁不会产生感应电流,D,https://gz.shuatiw.com/ias/attach/files/content/2020/0324/88b1cd16cec08abad9fc34a78a20_4547014ex.png,8abad9fc34a78a20_4547014ex.png,,,,,
粗细均匀的电阻丝围成图所示的线框，置于正方形有界匀强磁场中，磁感强度为B  ， 方向垂直于线框平面，图中ab=bc=2cd=2de=2ef=2fa=2L。现使线框以同样大小的速度v匀速沿四个不同方向平动进入磁场，并且速度方向始终与线框先进入磁场的那条边垂直，则在通过如图所示位置时，下列说法中正确的是（）,i>ab</i>两点间的电势差图甲中最大,i>ab</i>两点间的电势差图乙中最大,回路电流图丙中最大,回路电流图丁中最小,A,https://gz.shuatiw.com/ias/attach/files/content/2020/0324/bc5225cc1c9b0af93acbf498e225_1011653ex.png,0af93acbf498e225_1011653ex.png,,,,,
如图所示，在载流直导线近旁固定有两平行光滑导轨A、B  ， 导轨与直导线平行且在同一水平面内，在导轨上有两可自由滑动的导体ab和cd ． 当载流直导线中的电流逐渐增强时，导体ab和cd的运动情况是（ ）,一起向左运动,一起向右运动,相背运动，相互远离,相向运动，相互靠近,D,https://gz.shuatiw.com/ias/attach/files/content/2020/0324/6e8724390c314b6a881da3a34b39_11959530ex.png,b6a881da3a34b39_11959530ex.png,,,,,
某学生做观察电磁感应现象的实验，将电流表、线圈A和B、蓄电池、开关用导线连接成如图所示的实验电路，当他接通、断开开关时，电流表的指针都没有偏转，其原因是（ ）,开关位置错误,电流表的正、负极接反,线圈B的接头3、4接反,蓄电池的正、负极接反,A,https://gz.shuatiw.com/ias/attach/files/content/2020/0324/80b4951b2d400769a528726138f0_6855819ex.png,0769a528726138f0_6855819ex.png,,,,,
下列关于电磁感应的说法中正确的是（ ）,只要闭合导体与磁场发生相对运动，闭合导体内就一定产生感应电流,只要导体在磁场中做相对运动，导体两端就一定会产生电势差,感应电动势的大小跟穿过回路的磁通量成正比,闭合回路中感应电动势的大小只与磁通量的变化情况有关而与回路的导体材料无关,D,https://gz.shuatiw.com/ias/attach/files/content/2020/0324/6204f6d35821266ed543bff75bf3_11329520ex.png,66ed543bff75bf3_11329520ex.png,,,,,
如图，在一根竖直放置的铜管的正上方某处从静止开始释放一个强磁体，在强磁体沿着铜管中心轴线穿过铜管的整个过程中，不计空气阻力，那么( ),由于铜是非磁性材料，故强磁体运动的加速度始终等于重力加速度,由于铜是金属材料，能够被磁化，使得强磁体进入铜管时加速度大于重力加速度，离开铜管时加速度小于重力加速度,由于铜是金属材料，在强磁体穿过铜管的整个过程中，铜管中都有感应电流，加速度始终小于重力加速度,由于铜是金属材料，铜管可视为闭合回路，强磁体进入和离开铜管时产生感应电流，在进入和离开铜管时加速度都小于重力加速度，但在铜管内部时加速度等于重力加速度,C,https://gz.shuatiw.com/ias/attach/files/content/2020/0324/6be7054942bf631cd3d040871d28_9175866ex.png,631cd3d040871d28_9175866ex.png,,,,,
如图所示，两平行的虚线区域内存在着有界匀强磁场，有一较小的三角形线框abc，其ab边与磁场边界平行，bc边小于磁场区域的宽度，现使此线框向右匀速穿过磁场区域，运动过程中始终保持速度方向与ab边垂直．则下列各图中哪一个可以定性地表示线框在穿过磁场的过程中感应电流随时间变化的规律（设逆时针电流方向为正方向）（ ）,img alt="" height="75" src="/files/attach/files/content/2020/0324/76fe53b903c02ceb17c1b8eea392785b.png" v:shapes="_x0000_i1120" width="74",img alt="" height="70" src="/files/attach/files/content/2020/0324/2eca29330e76208c2ea7c550000eb229.png" v:shapes="_x0000_i1119" width="73",img alt="" height="75" src="/files/attach/files/content/2020/0324/1d162f0d1940fac1bd54d53e6fe3f277.png" v:shapes="_x0000_i1118" width="74",img alt="" height="75" src="/files/attach/files/content/2020/0324/af892e3cd699da21a95ab4915c434180.png" v:shapes="_x0000_i1117" width="73",D,https://gz.shuatiw.com/ias/attach/files/content/2020/0324/44c98cff7ba23a6f17cdd60ca236_4889606ex.png,3a6f17cdd60ca236_4889606ex.png,,,,,
如图所示，电路中灯泡L1的电阻比灯泡L2的电阻小，线圈L自感系数很大、电阻忽略不计，则下列说法中正确的是（）,闭合开关S时，灯L<sub>2</sub>和L<sub>1</sub>同时亮,断开开关S时，灯L<sub>1</sub>过一会熄灭，灯L<sub>2</sub>先闪亮后过一会熄灭,断开开关S时，灯L<sub>1</sub>中的电流方向从<i>a</i>到<i>b</i,断开开关S时，灯L<sub>2</sub>中的电流方向始终从<i>d</i>到<i>c</i,B,https://gz.shuatiw.com/ias/attach/files/content/2020/0324/9869a322f4f31e1c59cbab954482_1018480ex.png,1e1c59cbab954482_1018480ex.png,,,,,
粗细均匀的电阻丝围成的正方形线框置于有界匀强磁场中，磁场方向垂直于线框平面，其边界与正方形线框的边平行．现使线框以同样大小的速度沿四个不同方向平移出磁场，如图所示，则在移出过程中线框的一边a、b两点间电势差绝对值最大的是（ ）,img alt="" height="83" src="/files/attach/files/content/2020/0324/9e8f6d9775fc4a8b6d9b024ee4ea40a1.png" v:shapes="_x0000_i1096" width="69",img alt="" height="81" src="/files/attach/files/content/2020/0324/1a2117d18978b56cf9feffcd6998aac6.png" v:shapes="_x0000_i1095" width="68",img alt="" height="64" src="/files/attach/files/content/2020/0324/80b51906d871900bd7cbd89d1dfe4489.png" v:shapes="_x0000_i1094" width="84",img alt="" height="64" src="/files/attach/files/content/2020/0324/d00a7a3ddd3ab43e117711c5063e16d8.png" v:shapes="_x0000_i1093" width="85",B,https://gz.shuatiw.com/ias/attach/files/content/2020/0324/05ab7cb0b84b2bfdc9c0cc57883d_5336843ex.png,2bfdc9c0cc57883d_5336843ex.png,,,,,
著名物理学家弗曼曾设计过一个实验，如图所示.在一块绝缘板上中部安一个线圈，并接有电源，板的四周有许多带负电的小球，整个装置支撑起来.忽略各处的摩擦，当电源接通的瞬间，下列关于圆盘的说法中正确的是（ ）,圆盘将逆时针转动,圆盘将顺时针转动,圆盘不会转动,无法确定圆盘是否会动,A,https://gz.shuatiw.com/ias/attach/files/content/2020/0324/73cd7ce9b632af0678835c337f63_9318794ex.png,af0678835c337f63_9318794ex.png,,,,,
闭合电路的一部分导体在磁场中做切割磁感线运动而在导体中产生电流的现象是电磁感应现象，下列装置中，利用电磁感应现象制成的是（  ）,发电机,电灯,电烙铁,电饭锅,A,https://gz.shuatiw.com/ias/attach/files/content/2020/0324/b1db7f786e87a1dc77ca5f03e639_1004086ex.png,a1dc77ca5f03e639_1004086ex.png,,,,,
如图所示，1831年法拉第把两个线圈绕在一个铁环上，A线圈与电源、滑动变阻器R组成一个回路，B线圈与开关S、电流表G组成另一个回路  通过多次实验，法拉第终于总结出产生感应电流的条件  关于该实验下列说法正确的是,闭合开关S的瞬间，电流表G中有 <img src="/files/attach/files/content/2020/0324/1585029559.679.png"> 的感应电流</img,闭合开关S的瞬间，电流表G中有 <img src="/files/attach/files/content/2020/0324/1585029560.382.png"/> 的感应电流,闭合开关S，滑动变阻器的滑片向左滑的过程中，电流表G中有 <img src="/files/attach/files/content/2020/0324/1585029559.679.png"/> 的感应电流,闭合开关S，滑动变阻器的滑片向左滑的过程中，电流表G中有 <img src="/files/attach/files/content/2020/0324/1585029560.382.png"/> 的感应电流,D,https://gz.shuatiw.com/ias/attach/files/content/2020/0324/f99c23a46fef18ce3fce55985392_17099683ex.png,8ce3fce55985392_17099683ex.png,,,,,
朝南的钢窗原来关着，某人将它突然朝外推开，顺时针转过一个小于90°的角度，考虑到地球磁场的影响，则在钢窗转动的过程中，钢窗活动的竖直边中（　　）,有自上而下的微弱电流,有自下而上的微弱电流,有微弱电流，方向是先自上而下，后自下而上,有微弱电流，方向是先自下而上，后自上而下,A,https://gz.shuatiw.com/ias/attach/files/content/2020/0324/66b5646e52b204259c39ca5e75d9_1453846ex.png,04259c39ca5e75d9_1453846ex.png,,,,,
如图所示，固定于水平面上的金属架abcd处在竖直方向的匀强磁场中，初始时的磁感应强度为B0 ． 导体棒MN以恒定速度v向右运动，从图示位置开始计时，为使棒MN中不产生感应电流，磁感应强度B随时间t变化的示意图应为 （ ）,img alt="" height="82" src="/files/attach/files/content/2020/0324/c360dcd60239b1f5d7a6803537a61022.png" v:shapes="_x0000_i1053" width="92",img alt="" height="82" src="/files/attach/files/content/2020/0324/3012ce1101d7ccb73b3a4ee223f312d3.png" v:shapes="_x0000_i1054" width="92",img alt="" height="94" src="/files/attach/files/content/2020/0324/5f76caefb5ac9a747545a57cb58fc254.png" v:shapes="_x0000_i1055" width="91",img alt="" height="94" src="/files/attach/files/content/2020/0324/d2560a69fe0c5ea6cf9b190e9066b8a2.png" v:shapes="_x0000_i1056" width="91",D,https://gz.shuatiw.com/ias/attach/files/content/2020/0324/ef735648942483fcdf739b627171_3477277ex.png,83fcdf739b627171_3477277ex.png,,,,,
法拉第在研究电磁感应现象时，将两个线圈绕在同一个铁环上，简化电路如图所示，下列关于法拉第研究过程的说法正确的是（ ）,闭合开关S的瞬间，右侧线圈中不产生感应电流,闭合开关S以后，右侧线圈中产生稳定的感应电流,断开开关S的瞬间，右侧线圈中产生感应电流,断开开关S的瞬间，右侧线圈中不产生感应电流,C,https://gz.shuatiw.com/ias/attach/files/content/2020/0324/49bc21d4e5c7308b9e4b5e9842b7_9212702ex.png,308b9e4b5e9842b7_9212702ex.png,,,,,
下列实验现象，属于电磁感应现象的是（　　）,导线通电后，其下方的小磁针偏转 <img alt="" height="70" src="/files/attach/files/content/2020/0324/ed8af7cd9a4d4fd64955ff2c30d61061.png" v:shapes="picture24" width="69"/> ,通电导线AB在磁场中运动 <img alt="" height="68" src="/files/attach/files/content/2020/0324/096bfa42a0c9218a081985b612686147.png" v:shapes="_x0000_i1026" width="116"/> ,金属杆切割磁感线时，电流表指针偏转 <img alt="" height="69" src="/files/attach/files/content/2020/0324/777953046c276f45ef348035517b5350.png" v:shapes="_x0000_i1027" width="93"/> ,通电线圈在磁场中转动 <img alt="" height="71" src="/files/attach/files/content/2020/0324/eaba49a28a7edf7810d08d80e3ba11f8.png" v:shapes="_x0000_i1028" width="90"/> ,C,https://gz.shuatiw.com/ias/attach/files/content/2020/0324/9f8954b4f56e34acd218dbdb3f54_1419749ex.png,34acd218dbdb3f54_1419749ex.png,,,,,
1831 年8月，英国物理学家法拉第在经历多次失败后，终于发现了电磁感应现象。法拉第最初发现电磁感应现象的实验装置如图所示，软铁环上绕有  、  两个线圈。关于该实验，下列说法中正确的是（ ）,先闭合 <img src="/files/attach/files/content/2020/0324/1585029541.015.png"> ，再闭合 <img src="/files/attach/files/content/2020/0324/1585029541.749.png"/> 后，线圈 <img src="/files/attach/files/content/2020/0324/1585029539.427.png"/> 中有持续的电流产生</img,先闭合 <img src="/files/attach/files/content/2020/0324/1585029541.749.png"/> ，再闭合 <img src="/files/attach/files/content/2020/0324/1585029541.015.png"/> 后，线圈 <img src="/files/attach/files/content/2020/0324/1585029539.427.png"/> 中有持续的电流产生,img src="/files/attach/files/content/2020/0324/1585029541.749.png"/> ， <img src="/files/attach/files/content/2020/0324/1585029541.015.png"/> 均闭合，断开 <img src="/files/attach/files/content/2020/0324/1585029541.749.png"/> 瞬间，线圈 <img src="/files/attach/files/content/2020/0324/1585029539.427.png"/> 中的感应电流向右流过电流表,img src="/files/attach/files/content/2020/0324/1585029541.749.png"/> ， <img src="/files/attach/files/content/2020/0324/1585029541.015.png"/> 2均闭合，断开 <img src="/files/attach/files/content/2020/0324/1585029541.749.png"/> 瞬间，线圈 <img src="/files/attach/files/content/2020/0324/1585029539.427.png"/> 中的感应电流向左流过电流表,C,https://gz.shuatiw.com/ias/attach/files/content/2020/0324/bbed896dc6a0dc0ff37e5a74d8a6_8144933ex.png,dc0ff37e5a74d8a6_8144933ex.png,,,,,
下列四幅演示实验图中，实验现象能正确表述实验结论的是（ ）,图甲用磁铁靠近轻质铝环A，A会靠近磁铁,图乙断开开关S，触点C不立即断开,图丙闭合开关S时，电流表有示数，断开开关S时，电流表没有示数,图丁铜盘靠惯性转动，手持磁铁靠近铜盘，铜盘转动加快,B,https://gz.shuatiw.com/ias/attach/files/content/2020/0324/8b25e8a42d96b6801a37fdad81e0_10556312ex.png,6801a37fdad81e0_10556312ex.png,,,,,
如图甲所示，光滑水平面上有一个单匝均匀正方形铜线框，钱框质量为m，边长为a，总电阻为R．垂直于水平面的有界匀强磁场磁感应强度为B,磁场左、右边界相互平行，相距为b（b>3a）．线框的MN边与磁场边界平行．在垂直于MN的水平恒力F作用下线框水平向右运动，t＝0时MN边以速度v0进入磁场，t＝t0时线框完全进入磁场，t＝3t0时线框MN边以速度v0离开磁场．v－t图象如图乙所示( ),t＝0时，线框MN边两端电压为Bav<sub>0</sub,t<sub>0</sub>时刻线框的速度为（v<sub>0</sub>－2Ft<sub>0</sub>／m）,线框完全离开磁场的瞬间速度一定比t<sub>0</sub>时刻线框的速度大,线框在开始进入磁场到完全离开磁场过程中产生的电热为F（a＋b）,B,https://gz.shuatiw.com/ias/attach/files/content/2020/0324/e391ae1a43d34810d13854799351_743833ex.png,34810d13854799351_743833ex.png,,,,
下面关于电磁感应现象的说法中，正确的是（ ）,只要穿过闭合电路中的磁通量不为零，闭合电路中就一定有感应电流产生,穿过闭合电路中的磁通量减少，则闭合电路中感应电流减小,穿过闭合电路中的磁通量变化越快，则闭合电路中感应电动势越大,穿过闭合电路中的磁通量越大，则闭合电路中的感应电动势越大,C,https://gz.shuatiw.com/ias/attach/files/content/2020/0324/223e1054e1733a177debd90ae63e_4839294ex.png,3a177debd90ae63e_4839294ex.png,,,,,
如图，边长为d的正方形线圈，从位置A开始向右运动，并穿过宽为L（L＞d）匀强磁场区域到达位置B，则（ ）,整个过程，线圈中始终有感应电流,整个过程，线圈中始终没有感应电流,线圈进入磁场和离开磁场的过程中，线圈中有感应电流，方向都是逆时针方向,线圈进入磁场过程中，感应电流的方向为逆时针方向；穿出磁场的过程中，感应电流的方向为顺时针方向,D,https://gz.shuatiw.com/ias/attach/files/content/2020/0324/0562bfbd2834ee05b2ce95d77ce6_4119957ex.png,ee05b2ce95d77ce6_4119957ex.png,,,,,
在匀强磁场中放一电阻不计的平行金属导轨，导轨跟大线圈M相接，如图所示．导轨上放一根导线ab，磁感线垂直于导轨所在平面．欲使M所包围的小闭合线圈N产生顺时针方向的感应电流，则导线的运动可能是（ ）,匀速向右运动,加速向右运动,匀速向左运动,加速向左运动,D,https://gz.shuatiw.com/ias/attach/files/content/2020/0324/fc39af8b4dc822af9bfba44056e0_11329526ex.png,2af9bfba44056e0_11329526ex.png,,,,,
如图的无限大的磁场中，有一个矩形线圈abcd做下述运动，其中能使线圈中产生感应电流的运动是（ ）,以bc为轴转动,以ab为轴转动,垂直纸面向内匀速运动,在纸面内向下运动,A,https://gz.shuatiw.com/ias/attach/files/content/2020/0324/47511ec407e1e088415242ff9870_4895578ex.png,e088415242ff9870_4895578ex.png,,,,,
如图所示，铜盘在磁极间匀速旋转．借助电刷在铜盘边缘和转轴间连接负载R，负载R上通过的是（ ）,交变电流,逐渐增大的电流,直流电流,逐渐减小的电流,C,https://gz.shuatiw.com/ias/attach/files/content/2020/0324/bd4c97a40f61372e995ea8bc0bd0_4888004ex.png,372e995ea8bc0bd0_4888004ex.png,,,,,
电磁炉在炉内由交变电流产生交变磁场，使放在炉上的金属锅体内产生感应电流而发热，从而加热食品．电磁炉的工作利用了（ ）,电流的热效应,静电现象,电磁感应原理,磁场对电流的作用,C,https://gz.shuatiw.com/ias/attach/files/content/2020/0324/8dcd3be412255168561ab29db3e2_4888084ex.png,5168561ab29db3e2_4888084ex.png,,,,,
如图所示的电路中，A1、A2是完全相同的灯泡，线圈L的自感系数较大，它的电阻与定值电阻R相等．下列说法正确的是（ ）,闭合开关S，A<sub>1</sub>先亮、A<sub>2</sub>后亮，最后它们一样亮,闭合开关S，A<sub>1</sub>、A<sub>2</sub>始终一样亮,断开开关S，A<sub>1</sub>、A<sub>2</sub>都要过一会才熄灭,断开开关S，A<sub>2</sub>立刻熄灭、A<sub>1</sub>过一会才熄灭,C,https://gz.shuatiw.com/ias/attach/files/content/2020/0324/f93cb46748ba2b4fefeee348c740_4839302ex.png,2b4fefeee348c740_4839302ex.png,,,,,
如图所示，理想变压器原、副线圈的匝数n1：n2=4：1，当导体棒在匀强磁场中向左做匀速直线运动切割磁感线时，电流表  的示数是12mA，则电流表  的示数为（ ）,3 mA,0,48 mA,与负载R的值有关,B,https://gz.shuatiw.com/ias/attach/files/content/2020/0324/382b06744d2a89da3b58582fcf46_4893426ex.png,89da3b58582fcf46_4893426ex.png,,,,,
物理课上，老师做了一个“神奇”的实验：如图所示，将30cm长的铝管竖直放置，一磁性很强的磁铁从上管口由静止释放，观察到磁铁用较长时间才从下管口落出。对于这个实验现象同学们经分析讨论做出相关的判断，你认为正确的是（下落过程中不计空气阻力，磁铁与管壁没有接触）。则（ ）,如果磁铁的磁性足够强，磁铁会停留在铝管中，永远不落下来,磁铁在铝管中运动的过程中，由于不计空气阻力，所以机械能守恒,如果磁铁的磁性足够强，磁铁在铝管中运动时间更长，但一定会落下来,如果将铝管换成塑料管，磁铁从塑料管中出来也会用较长时间,C,https://gz.shuatiw.com/ias/attach/files/content/2020/0324/19170bddc699cc86bfe014a52b03_11471870ex.png,c86bfe014a52b03_11471870ex.png,,,,,
关于电磁感应现象的有关说法正确的是（ ）,只要穿过闭合电路中的磁通量不为零，电路中就有感应电流产生,穿过闭合电路中的磁通量减少，则电路中感应电流就减小,穿过闭合电路中的磁通量越大，则电路中的感应电动势越大,穿过闭合电路的磁通量变化越快，闭合电路中感应电动势越大,D,https://gz.shuatiw.com/ias/attach/files/content/2020/0324/040fd6f5985e9f48745ccfa55001_4888062ex.png,9f48745ccfa55001_4888062ex.png,,,,,
如图为探究产生电磁感应现象条件的实验装置，下列情况下不能引起电流计指针转动的是（ ）,闭合电键瞬间,断开电键瞬间,闭合电键后拔出铁芯瞬间,闭合电键后保持变阻器的滑动头位置不变,D,https://gz.shuatiw.com/ias/attach/files/content/2020/0324/ab6e33ede0283ae1e28931e1dc47_4548380ex.png,3ae1e28931e1dc47_4548380ex.png,,,,,
发电的基本原理之一是电磁感应，发现电磁感应现象的科学家是,安培,赫兹,法拉第,奥斯特,C,https://gz.shuatiw.com/ias/attach/files/content/2020/0324/dd87ecd2732901cb85da567e84f6_1013975ex.png,01cb85da567e84f6_1013975ex.png,,,,,
如图，MN和PQ是电阻不计的平行金属导轨，其间距为L，导轨弯曲部分光滑，平直部分粗糙，右端接一个阻值为R的定值电阻．平直部分导轨左边区域有宽度为d、方向竖直向上、磁感应强度大小为B的匀强磁场．质量为m、电阻也为R的金属棒从高为h处静止释放，到达磁场右边界处恰好停止．已知金属棒与平直部分导轨间的动摩擦因数为u，金属棒与导轨间接触良好．则金属棒穿过磁场区域的过程中（ ）,流过金属棒的最大电流为 <img alt="图片_x0020_47" height="38" src="/files/attach/files/content/2020/0324/44e0fbab075ddde209d0b47c9eb1dfd3.png" width="57",通过金属棒的电荷量为 <img alt="图片_x0020_48" height="35" src="/files/attach/files/content/2020/0324/8f60601fd1e36a518e5360c1e28abf28.png" width="29",克服安培力所做的功为mgh,金属棒产生的焦耳热为 <img src="/files/attach/files/content/2020/0324/1585029506.121.png"> mg（hμd）</img,D,https://gz.shuatiw.com/ias/attach/files/content/2020/0324/73ca4aa7f8fe920ef0e6ff8849fc_3376191ex.png,920ef0e6ff8849fc_3376191ex.png,,,,,
如图所示，环形导线中通有顺时针方向的电流I，则该环形导线中心处的磁场方向为（ ）,水平向右,水平向左,垂直于纸面向里,垂直于纸面向外,C,https://gz.shuatiw.com/ias/attach/files/content/2020/0324/8de14bc08504e211e6bc9f344d95_11059646ex.png,211e6bc9f344d95_11059646ex.png,,,,,
如图所示，在垂直于纸面的范围足够大的匀强磁场中，有一个矩形线圈abcd，线圈平面与磁场垂直，O1O2和O3O4都是线圈的对称轴，应使线圈怎样运动才能使其中产生感生电流？（ ）,向左平动,向上或向下平动,向右平动,绕O<sub>1</sub>O<sub>2</sub>转动,D,https://gz.shuatiw.com/ias/attach/files/content/2020/0324/f4b3a29ad344b2e63962d622667e_11959538ex.png,2e63962d622667e_11959538ex.png,,,,,
如图所示电路中，线圈L与灯泡LA并联，当合上开关S后灯LA正常发光．已知，线圈L的电阻小于灯泡LA的电阻．则下列现象可能发生的是(　　),当断开S时，灯泡L<sub>A</sub>立即熄灭,当断开S时，灯泡L<sub>A</sub>突然闪亮一下，然后逐渐熄灭,若把线圈L换成电阻，断开S时，灯泡L<sub>A</sub>逐渐熄灭,若把线圈L换成电阻，断开S时，灯泡L<sub>A</sub>突然闪亮一下，然后逐渐熄灭,B,https://gz.shuatiw.com/ias/attach/files/content/2020/0324/5bf1fbe14b4204e6d76e3021fcc9_11385686ex.png,4e6d76e3021fcc9_11385686ex.png,,,,,
如图所示，闭合圆导线线圈放置在匀强磁场中，线圈平面与磁场平行，其中ac、bd分别是平行、垂直于磁场方向的两条直径．试分析使线圈做如下运动时，能产生感应电流的是（　　）,使线圈匀速向右平移,使线圈加速向右平移,使线圈以ac为轴转动,使线圈以bd为轴转动,D,https://gz.shuatiw.com/ias/attach/files/content/2020/0324/f81ed66ee8bdab754d22365450c1_4509881ex.png,ab754d22365450c1_4509881ex.png,,,,,
如图所示，线框平面与磁场方向垂直，现将线框沿垂直磁场方向拉出磁场的过程中，穿过线框磁通量的变化情况是（　　）,变小,变大,不变,先变小后变大,A,https://gz.shuatiw.com/ias/attach/files/content/2020/0324/641b8b7bb469b7f0150b52c77007_1419755ex.png,b7f0150b52c77007_1419755ex.png,,,,,
如图竖直放置的长直导线ef中通有恒定电流，有一矩形金属线框abcd与导线在同一平面内，在下列情况中矩形线框中不产生感应电流的是（ ）,导线中电流强度变大,线框向右平动,线框以ad边为轴转动,线框以ef为轴转动,D,https://gz.shuatiw.com/ias/attach/files/content/2020/0324/455afacb9d5bb1fd73af17271012_3010313ex.png,b1fd73af17271012_3010313ex.png,,,,,
如图所示，在纸面内放有一个条形磁铁和一个圆形线圈（位于磁铁正中央），下列情况中能使线圈中产生感应电流的是（　　）,将磁铁在纸面内向上平移,将磁铁在纸面内向右平移,将磁铁绕垂直纸面的轴转动,将磁铁的N极转向纸外，S极转向纸内,D,https://gz.shuatiw.com/ias/attach/files/content/2020/0324/eb6edeae14a837ad35b30ab6e91c_4393820ex.png,37ad35b30ab6e91c_4393820ex.png,,,,,
竖直导线ab与水平面上放置的圆线圈隔有一小段距离，其中直导线固定，线圈可自由运动，当同时通以如图所示方向的电流时（圆线圈内电流从上向下看是逆时针方向电流），则从左向右看，线圈将（ ）,不动,顺时针转动，同时靠近导线,顺时针转动，同时离开导线,逆时针转动，同时靠近导线,D,https://gz.shuatiw.com/ias/attach/files/content/2020/0324/3f84b083e9eb41652aec4907d6d7_4887148ex.png,41652aec4907d6d7_4887148ex.png,,,,,
首先发现电流磁效应的科学家是（ ）,安培,爱因斯坦,库仑,奥斯特,D,https://gz.shuatiw.com/ias/attach/files/content/2020/0324/eb13cd4eca64af42b17ca7436476_9047808ex.png,af42b17ca7436476_9047808ex.png,,,,,
1820年丹麦物理学家奥斯特发现了电流的磁效应．在奥斯特实验中，将直导线沿南北方向水平放置，指针靠近直导线，下列结论正确的是（　　）,把小磁针放在导线的延长线上，通电后，小磁针会转动,把小磁针平行地放在导线的下方，在导线与小磁针之间放置一块铝板，通电后，小磁针不会转动,把小磁针平行地放在导线的下方，给导线通以恒定电流，然后逐渐增大导线与小磁针之间的距离，小磁针转动的角度（与通电前相比）会逐渐减小,把黄铜针（用黄铜制成的指针）平行地放在导线的下方，通电后，黄铜针会转动,C,https://gz.shuatiw.com/ias/attach/files/content/2020/0324/eb90687d2a3585365906c61b55d1_1419756ex.png,85365906c61b55d1_1419756ex.png,,,,,
如图，竖直长直导线通以恒定电流I  ， 闭合线圈abcd与直导线在同一平面内，导致圈内磁通量发生变化的线圈运动是（　　）,水平向右平移,竖直向下平移,竖直向上平移,以竖直长直导线为轴转动,A,https://gz.shuatiw.com/ias/attach/files/content/2020/0324/77e5122db26e2ff049843a39961f_1419753ex.png,2ff049843a39961f_1419753ex.png,,,,,
发电机利用水力、风力等动力推动线圈在磁场中转动，将机械能转化为电能．这种转化利用了（ ）,电流的热效应,电磁感应原理,电流的磁效应,磁场对电流的作用原理,B,https://gz.shuatiw.com/ias/attach/files/content/2020/0324/e36f9a5f336eba3397ca8e3c0883_4888054ex.png,ba3397ca8e3c0883_4888054ex.png,,,,,
下列说法正确的是( ),弹簧的劲度系数与弹簧的形变量成正比,法拉第通过实验首先发现了电流的磁效应,动车高速运行时，惯性与静止时一样大,物体受到的静摩擦力方向与其运动方向相反,C,https://gz.shuatiw.com/ias/attach/files/content/2020/0324/c31fb056ee33f58123a2353bffad_2451546ex.png,f58123a2353bffad_2451546ex.png,,,,,
如图所示，A为水平放置的胶木圆盘，在其侧面均匀分布着负电荷，在A的正上方用绝缘丝线悬挂一个金属圆环B，使B的环面水平且与圆盘面平行，其轴线与胶木盘A的轴线OO′重合．现使胶木盘A由静止开始绕其轴线OO′按箭头所示方向加速转动，则（ ）,金属环B的面积有扩大的趋势，丝线受到的拉力增大,金属环B的面积有缩小的趋势，丝线受到的拉力减小,金属环B的面积有扩大的趋势，丝线受到的拉力减小,金属环B的面积有缩小的趋势，丝线受到的拉力增大,B,https://gz.shuatiw.com/ias/attach/files/content/2020/0324/e5fc64eabe43f0fe39cd913e9064_4888470ex.png,f0fe39cd913e9064_4888470ex.png,,,,,
如图所示，螺线管采用双线绕法．条形磁铁从上方插入的过程，关于电阻R上产生的感应电电流说法正确的是（　　）,感应电流的方向a流向b,感应电流的方向b流向a,没有感应电流产生,有感应电流产生，但方向无法确定,C,https://gz.shuatiw.com/ias/attach/files/content/2020/0324/8ec581fb46f0afb0b9a66d4fa533_5264279ex.png,afb0b9a66d4fa533_5264279ex.png,,,,,
如图所示，L为一个带铁芯的线圈，R是纯电阻，两支路的直流电阻相等，那么在接通和断开开关瞬间，两表的读数I1和I2的大小关系分别是（ ）,I<sub>1</sub>＜I<sub>2</sub>  ， I<sub>1</sub>＞I<sub>2</sub,I<sub>1</sub>＞I<sub>2</sub>  ， I<sub>1</sub>＜I<sub>2</sub,I<sub>1</sub>＜I<sub>2</sub>  ， I<sub>1</sub>=I<sub>2</sub,I<sub>1</sub>=I<sub>2</sub>  ， I<sub>1</sub>＜I<sub>2</sub,C,https://gz.shuatiw.com/ias/attach/files/content/2020/0324/a9453b172d0a7f56ec4af34b49c8_4839372ex.png,7f56ec4af34b49c8_4839372ex.png,,,,,
下列说法正确的是（　　）,当一种电荷出现时，必有等量的异种电荷出现；当一种电荷消失时，必有等量的异种电荷消失,摩擦起电现象使本没有电子和质子的物体中产生了电子和质子,两种不同材料的绝缘体互相摩擦后，一定同时带上不等量异种电荷,感应起电现象说明两个不接触的物体间也可以发生电子的转移,C,https://gz.shuatiw.com/ias/attach/files/content/2020/0324/781c9115703741a714ded85d7ab7_4446287ex.png,41a714ded85d7ab7_4446287ex.png,,,,,
下列电器和设备工作时，工作过程与电磁感应现象无关的是（ ）,发电机,电磁炉,变压器,电热水器,D,https://gz.shuatiw.com/ias/attach/files/content/2020/0324/d0ac6c8c94172aaad16f3110039e_4033829ex.png,2aaad16f3110039e_4033829ex.png,,,,,
面积为5×102m2的单匝矩形线圈放在磁感应强度为3×102T的匀强磁场中，当线圈平面与磁场方向垂直时，穿过线圈的磁通量是（　　）,3×10<sup></sup><sup>4</sup><span>Wb</span,2×10<sup></sup><sup>3</sup><span>Wb</span,5×10<sup></sup><sup>2</sup><span>Wb</span,1.5×10<sup></sup><sup>3</sup><span>Wb</span,D,https://gz.shuatiw.com/ias/attach/files/content/2020/0324/d1d7e6a469ba33db604e808c5813_1419762ex.png,33db604e808c5813_1419762ex.png,,,,,
下列现象中属于电磁感应现象的是（ ）,通电导体周围产生磁场,电荷在磁场中定向移动形成电流,闭合线圈中因电流变化而产生感应电动势,磁场对感应电流有作用，阻碍导体和磁场相对运动,C,https://gz.shuatiw.com/ias/attach/files/content/2020/0324/c36c50902b190c43686756f39123_12186186ex.png,c43686756f39123_12186186ex.png,,,,,
如图所示，在条形磁铁N极附近悬挂一个金属闭合线圈，当磁铁运动时，线圈中( ),一定产生感应电流,不一定产生感应电流,不可能产生感应电流,无法确定,A,https://gz.shuatiw.com/ias/attach/files/content/2020/0324/f40557def3dac3d817d3b91669e2_6855771ex.png,c3d817d3b91669e2_6855771ex.png,,,,,
如图所示，匝数为N、半径为r1的圆形线圈内有匀强磁场，匀强磁场在半径为r2的圆形区域内，匀强磁场的磁感应强度B垂直于线圈平面．通过该线圈的磁通量为（　　）,Bπr<sub>1</sub><sup>2</su,Bπr<sub>2</sub><sup>2</su,NBπr<sub>1</sub><sup>2</su,NBπr<sub>2</sub><sup>2</su,B,https://gz.shuatiw.com/ias/attach/files/content/2020/0324/fbf52e688d4692e127a447a5408c_1419760ex.png,92e127a447a5408c_1419760ex.png,,,,,
如图所示，把一条长直导线平行地放在小磁针的上方附近，当导线中有电流通过时，小磁针会发生偏转。首先观察到这个实验现象的物理学家是（ ）,奥斯特,法拉第,洛伦兹,楞次,A,https://gz.shuatiw.com/ias/attach/files/content/2020/0324/0720ebb7c7f26d8249397d138218_6855765ex.png,6d8249397d138218_6855765ex.png,,,,,
下列现象中，属于电磁感应现象的是（ ）,小磁针在通电导线附近发生偏转,通电线圈在磁场中转动,闭合线圈在磁场中运动而产生电流,磁铁吸引小磁针,C,https://gz.shuatiw.com/ias/attach/files/content/2020/0324/8255e4d41ec1d307eb8f8b62af7b_3413819ex.png,d307eb8f8b62af7b_3413819ex.png,,,,,
如图所示，ab为一金属杆，它处在垂直于纸面向里的匀强磁场中，可绕a点在纸面内转动；S为以a为圆心位于纸面内的金属圆环；在杆转动过程中，杆的b端与金属环保持良好接触；A为电流表，其一端与金属环相连，一端与a点良好接触．当杆沿顺时针方向转动时，某时刻ab杆的位置如图，则此时刻（　　）,有电流通过电流表，方向由c→d；作用于ab的安培力向右,有电流通过电流表，方向由c→d；作用于ab的安培力向左,有电流通过电流表，方向由d→c；作用于ab的安培力向右,无电流通过电流表，作用于ab的安培力为零,A,https://gz.shuatiw.com/ias/attach/files/content/2020/0324/4eb160ddff47232e426b8d82e8b0_4508007ex.png,232e426b8d82e8b0_4508007ex.png,,,,,
如图所示，边长为L的正方形导线框其质量为m，在距磁场上边界高H处自由下落，其下边框ab进入匀强磁场后，线圈开始做减速运动，直到其上边框cd刚穿出磁场时，其速度减为ab边刚进入磁场时的一半，磁场的宽度也为L，则线框穿越匀强磁场过程中产生的焦耳热为（ ）,2mgL,2mgL+mgH,2mgL+ <img src="/files/attach/files/content/2020/0324/1585029433.535.png"> mgH</img,2mgL+ <img src="/files/attach/files/content/2020/0324/1585029434.094.png"> mgH</img,C,https://gz.shuatiw.com/ias/attach/files/content/2020/0324/c36b03f69aa17d3c6103f7ac8f59_4840914ex.png,7d3c6103f7ac8f59_4840914ex.png,,,,,
如图所示，在载流直导线近旁固定有两平行光滑导轨A、B，导轨与直导线平行且在同一水平面内，在导轨上有两可自由滑动的导体ab和cd．当载流直导线中的电流逐渐增强时，导体ab和cd的运动情况是（　　）,一起向左运动,一起向右运动,ab和cd相向运动，相互靠近,ab和cd相背运动，相互远离,C,https://gz.shuatiw.com/ias/attach/files/content/2020/0324/ec26b54e6a3c151cdaac5b9f55af_4508005ex.png,151cdaac5b9f55af_4508005ex.png,,,,,
如图所示，一个导线框在匀强磁场中向垂直于磁感线的方向运动，导线中会不会产生感应电流( ),一定不会,一定会,可能会,可能不会,A,https://gz.shuatiw.com/ias/attach/files/content/2020/0324/7bda4ca73c4339e86f77e8e5e596_10026652ex.png,9e86f77e8e5e596_10026652ex.png,,,,,
如图所示，线圈abcd水平向右穿过磁场区域B时，在以下情况中，线圈中有感应电流产生的是（ ）,整个线圈都在磁场中上下平动,整个线圈都在磁场中左右平动,线圈离开磁场的过程中,线圈进入磁场后在它所在的平面内绕a点旋转,C,https://gz.shuatiw.com/ias/attach/files/content/2020/0324/301ee5a24b9bc19bf0ab91b9ca9c_4839300ex.png,c19bf0ab91b9ca9c_4839300ex.png,,,,,
首先发现电流的磁效应和电磁感应的物理学家分别是（ ）,安培和法拉第,法拉第和楞次,奥斯特和安培,奥斯特和法拉第,D,https://gz.shuatiw.com/ias/attach/files/content/2020/0324/0a3e1d734a390c4d4309e9ba882d_3413428ex.png,0c4d4309e9ba882d_3413428ex.png,,,,,
如图所示，闭合金属圆环下落过程中，穿过竖直放置的条形磁铁正中间位置时，下列说法正确的是（　　）,金属圆环的加速度等于<span>g</span,穿过金属圆环的磁通量为零,穿过金属圆环的磁通量变化率不为零,金属圆环沿半径方向有收缩的趋势,A,https://gz.shuatiw.com/ias/attach/files/content/2020/0324/d3ad9ba9909270984a2d63c7bace_1419761ex.png,70984a2d63c7bace_1419761ex.png,,,,,
在电磁感应现象中，下列说法正确的是（　　）,导体相对磁场运动，导体内一定产生感应电流,导体做切割磁感线运动，导体内一定会产生感应电流,闭合电路在磁场内做切割磁感线运动，导体内一定会产生感应电流,穿过闭合电路的磁通量发生变化，在电路中一定会产生感应电流,D,https://gz.shuatiw.com/ias/attach/files/content/2020/0324/b9fe4ac8382c0ce64578a4ae1ae9_4508001ex.png,0ce64578a4ae1ae9_4508001ex.png,,,,,
如图所示一个矩形线圈abcd放在垂直纸面向里的匀强磁场中，在进行下列操作时，整个线圈始终处于磁场之内，线圈中能产生感应电流的是（ ）,线圈沿纸面向右移动,线圈沿纸面向下移动,线圈垂直纸面向外移动,线圈以ab边为轴转动,D,https://gz.shuatiw.com/ias/attach/files/content/2020/0324/b4e94a8edd4039b0cd5089f18341_4119954ex.png,39b0cd5089f18341_4119954ex.png,,,,,
图所示的磁场中，有三个面积相同且相互平行的线圈S1、S2和S3  ， 穿过S1、S2和S3的磁通量分别为Φ1、Φ2和Φ3  ， 下列判断正确的是（　　）,span>Φ<sub>1</sub></span>最大,span>Φ<sub>2</sub></span>最大,span>Φ<sub>3</sub></span>最大,span>Φ<sub>1</sub>=Φ<sub>2</sub>=Φ<sub>3</sub></span,C,https://gz.shuatiw.com/ias/attach/files/content/2020/0324/9e284e9a25a428c00d2aca7cb8d4_1419752ex.png,28c00d2aca7cb8d4_1419752ex.png,,,,,
如图所示，匀强磁场中有两个导体圆环a、b，磁场方向与圆环所在平面垂直。磁感应强度B随时间均匀增大。两圆坏半径之比为2:1，圆环中产生的感应电动势分别为Ea和Eb  ， 不考虑两圆环间的相互影响。下列说法正确的是（ ）,E<sub>a</sub>:E<sub>b</sub>=4:1，感应电流均沿逆时针方向,E<sub>a</sub>:E<sub>b</sub>=4:1，感应电流均沿顺时针方向,E<sub>a</sub>:E<sub>b</sub>=2:1，感应电流均沿逆时针方向,E<sub>a</sub>:E<sub>b</sub>=2:1，感应电流均沿顺时针方向,B,https://gz.shuatiw.com/ias/attach/files/content/2020/0324/458eb6d695ef0d6c7c6095f1bb84_2547754ex.png,0d6c7c6095f1bb84_2547754ex.png,,,,,
下列现象中属于电磁感应现象的是（ ）,磁场对电流产生力的作用,变化的磁场使闭合电路中产生电流,插在通电螺线管中的软铁棒被磁化,通电直导线使其旁边的小磁针发生偏转,B,https://gz.shuatiw.com/ias/attach/files/content/2020/0324/5b0aa7db133993964205c8988b58_10632174ex.png,3964205c8988b58_10632174ex.png,,,,,
关于产生感应电流的条件，下述说法正确的是（ ）,位于磁场中的闭合线圈，一定能产生感应电流,闭合线圈和磁场发生相对运动，一定能产生感应电流,闭合线圈做切割磁感线运动，一定能产生感应电流,穿过闭合线圈的磁感线条数发生变化，一定能产生感应电流,D,https://gz.shuatiw.com/ias/attach/files/content/2020/0324/c499b9c79aa931c189782fcda5aa_6855817ex.png,31c189782fcda5aa_6855817ex.png,,,,,
如图所示,有一正方形闭合线圈,在足够大的匀强磁场中运动.下列四个图中能产生感应电流的是（ ）,矩形线圈平行于磁场向右平移 <img height="90" src="/files/attach/files/content/2020/0324/82950e53b60b73d9ca62a3703a38df47.jpg" v:shapes="图片_x0020_1" width="108",矩形线圈垂直于磁场向右平移 <img height="94" src="/files/attach/files/content/2020/0324/2effc7f0fb4a79261df8d5dec67391f9.jpg" v:shapes="图片_x0020_2" width="126",矩形线圈绕水平轴<i>OO′</i>匀速转动 <img height="93" src="/files/attach/files/content/2020/0324/c90502d74bf21ddc68cbeb1c6771b76e.jpg" v:shapes="图片_x0020_3" width="134",矩形线圈绕竖直轴<i>OO′</i>匀速转动 <img height="108" src="/files/attach/files/content/2020/0324/6f40fe5570149bde0c3d306adfb5b4bb.jpg" v:shapes="图片_x0020_4" width="122",D,https://gz.shuatiw.com/ias/attach/files/content/2020/0324/c6e7688ca40c27ec3a76a70e8341_11991638ex.png,7ec3a76a70e8341_11991638ex.png,,,
如图所示，abcd为水平放置的平行“l。导轨间有垂直于导轨平面的匀强磁场，磁感应强度大小为B，导轨电阻不计。已知金属杆MN倾斜放置，与导轨成角，单位长度的电阻为r，保持金属杆以速度v沿平行于cd的方向滑动（金属杆滑动过程中与导轨接触良好）。则（ ）,电路中感应电动势的大小为<img src="/files/attach/files/content/2020/0324/1585029406.542.png",电路中感应电流的大小为<img src="/files/attach/files/content/2020/0324/1585029407.248.png",金属杆所受安培力的大小为<img src="/files/attach/files/content/2020/0324/1585029407.463.png",金属杆的热功率为<img src="/files/attach/files/content/2020/0324/1585029408.165.png",B,https://gz.shuatiw.com/ias/attach/files/content/2020/0324/31f14e29f282a06008a3ad264118_1211942ex.png,a06008a3ad264118_1211942ex.png,,,,,
如图所示，电源的电动势为E、内阻为r，L1、L2为两个相同的灯泡，线圈L的直流电阻不计，与灯泡L1连接的是一只理想二极管D.下列说法中正确的是（ ）,闭合开关S稳定后L<sub>1</sub>、L<sub>2</sub>亮度相同,断开S的瞬间，L<sub>2</sub>会逐渐熄灭,断开S的瞬间，L<sub>1</sub>中电流方向向左,断开S的瞬间，a点的电势比b点高,D,https://gz.shuatiw.com/ias/attach/files/content/2020/0324/48af13125384613b6ca8e788f9d8_10556016ex.png,13b6ca8e788f9d8_10556016ex.png,,,,,
如图所示，一个有界匀强磁场区域，磁场方向垂直纸面向外．一个矩形闭合导线框abcd，沿纸面由位置1（左）匀速运动到位置2（右）．则g（ ）,导线框进入磁场时，感应电流方向为a→b→c→d→a,导线框离开磁场时，感应电流方向为a→d→c→b→a,导线框离开磁场时，受到的安培力方向水平向左,导线框进入磁场时，受到的安培力方向水平向右,C,https://gz.shuatiw.com/ias/attach/files/content/2020/0324/9119c2c10338c0e78f5370d52f8c_4840484ex.png,c0e78f5370d52f8c_4840484ex.png,,,,,
如图所示，金属导轨上的导体棒ab在匀强磁场中沿导轨做下列哪种运动时，铜制线圈c中将有感应电流产生且被螺线管吸引（ ）,向右做匀速运动,向左做匀速运动,向右做减速运动,向右做加速运动,C,https://gz.shuatiw.com/ias/attach/files/content/2020/0324/302651bb51ed4f9d9440541aa1bf_4889922ex.png,4f9d9440541aa1bf_4889922ex.png,,,,,
如图所示，匀强磁场的方向垂直于光滑的金属导轨平面向里，极板间距为d的平行板电容器与总阻值为2R0的滑动变阻器通过平行导轨连接，电阻为R0的导体棒MN可在外力的作用下沿导轨从左向右做匀速直线运动。当滑动变阻器的滑动触头位于a、b的中间位置、导体棒MN的速度为v0时，位于电容器中P点的带电油滴恰好处于静止状态．若不计摩擦和平行导轨及导线的电阻，重力加速度为g，则下列判断正确的是（）,油滴带正电荷,若将上极板竖直向上移动距离d，油滴将向上加速运动，加速度<img src="/files/attach/files/content/2020/0324/1585029396.935.png",若将导体棒的速度变为2v<sub>0</sub>  ， 油滴将向上加速运动，加速度a=2g,若保持导体棒的速度为v<sub>0</sub>不变，而将滑动触头置于a位置，同时将电容器上极板向上移动距离d／3，油滴仍将静止,D,https://gz.shuatiw.com/ias/attach/files/content/2020/0324/ad9a469d624e3fc59d660a0bbcb4_1019479ex.png,3fc59d660a0bbcb4_1019479ex.png,,,,,
两根相距为L的足够长的金属弯角光滑导轨如图所示放置，它们各有一边在同一水平面内，另一边与水平面的夹角为37°，质量均为m的金属细杆ab、cd与导轨垂直接触形成闭合回路，导轨的电阻不计，回路总电阻为2R，整个装置处于磁感应强度大小为B，方向竖直向上的匀强磁场中，当ab杆在平行于水平导轨的拉力F作用下以速度v沿导轨匀速运动时，cd杆恰好处于静止状态，重力加速度为g，以下说法正确的是（）,ab杆所受拉力F的大小为mg sin37°,回路中电流为<img src="/files/attach/files/content/2020/0324/1585029388.915.png",回路中电流的总功率为mgv sin37°,m与v大小的关系为m＝<img src="/files/attach/files/content/2020/0324/1585029390.233.png",D,https://gz.shuatiw.com/ias/attach/files/content/2020/0324/90a85e76d85accf4ce1ce9b6916f_954455ex.png,accf4ce1ce9b6916f_954455ex.png,,,,,
下列说法正确的是（ ）,气体分子的体积等于气体的摩尔体积与阿伏加德罗常数之比,空气中水蒸气的实际压强与饱和汽压相差越大，水越难蒸发,叶面上的小露珠呈球形主要是水的表面张力作用,单晶体的各种物理性质都具有各向异性的特征,C,https://gz.shuatiw.com/ias/attach/files/content/2020/0324/2c7a6710ff17a0f2a71047e5e193_12375556ex.png,0f2a71047e5e193_12375556ex.png,,,,,
某种油剂的密度为  ， 若不慎将0.8kg这种油剂漏到湖水中并形成单分子油膜，则湖面受污染面积约为(　　),img src="/files/attach/files/content/2020/0324/1585030683.060.png",img src="/files/attach/files/content/2020/0324/1585030683.775.png",img src="/files/attach/files/content/2020/0324/1585030684.482.png",img src="/files/attach/files/content/2020/0324/1585030685.620.png",C,https://gz.shuatiw.com/ias/attach/files/content/2020/0324/93cd608a5eae182cea81c24f1911_1023400ex.png,182cea81c24f1911_1023400ex.png,,,,,
下列说法正确的是（ ）,油膜法实验时应先将-滴油酸酒精溶液滴入水面，再把痱子粉酒在水面上,已知氧气的摩尔体积和阿伏加德罗常数，可求氧分子的体积,液体中悬浮微粒的布朗运动是液体分子对它的撞击作用不平衡的结果,用打气筒的活塞压缩气体很费力，说明分子间有斥力,C,https://gz.shuatiw.com/ias/attach/files/content/2020/0324/2fd02b349f157217efe2a0e3a72d_17155877ex.png,217efe2a0e3a72d_17155877ex.png,,,,,
已知地球的半径为6.4×103km，水的摩尔质量为1.8×10-2kg/mol，阿伏加德罗常数为6.02×1023个/mol,设想将1g水均匀地分布在地球表面，估算1m2的地球表面上分布的水分数目约为（ ）,7×10<sup>7</sup>个,3×10<sup>8</sup>个,3×10<sup>11</sup>个,7×10<sup>10</sup>个,A,https://gz.shuatiw.com/ias/attach/files/content/2020/0324/8221d114536c6749686339fd7db8_14350941ex.png,749686339fd7db8_14350941ex.png,,,,
用油膜法测出的分子直径后，要测阿伏加德罗常数，只需要知道油滴的（ ）,摩尔质量,摩尔体积,体积,密度,B,https://gz.shuatiw.com/ias/attach/files/content/2020/0324/ad4e097db4d24748e43f4e88d291_1006638ex.png,4748e43f4e88d291_1006638ex.png,,,,,
只要知道下列哪一组物理量,就可以估算出大气体中分子平均距离(),阿伏加德罗常数,该气体的摩尔质量和质量,阿伏加德罗常数,该气体的摩尔质量和密度,阿伏加德罗常数,该气体的质量和体积,该气体的密度,体积和摩尔质量,B,https://gz.shuatiw.com/ias/attach/files/content/2020/0324/f5916d6d1fa5b4688a85b8917d3d_1006644ex.png,b4688a85b8917d3d_1006644ex.png
用单分子油膜测分子的直径时，对其所用实验方法的正确认识是（ ）,用量筒测得油酸酒精溶液的体积V，计算油酸分子直径时要用到<img src="/files/attach/files/content/2020/0324/1585030670.218.png",用透明方格纸，是为了便于估算一滴油酸溶液形成的油膜面积,在水面上撒些痱子粉，是为了让油膜尽量散开并呈现圆形,在水面上撒些痱子粉，是为了围住油膜形成规则形状,B,https://gz.shuatiw.com/ias/attach/files/content/2020/0324/02ab4684b8707fbf6449d3aac919_741960ex.png,07fbf6449d3aac919_741960ex.png,,,,,
为了减小“用油膜法估测分子的大小”的误差，下列方法可行的是（）,用注射器向量筒里滴100滴油酸酒精溶液，并读出量筒里这些溶液的体积V<sub>1</sub>  ， 则每滴油酸酒精溶液的体积<img src="/files/attach/files/content/2020/0324/1585030669.852.png",把浅盘水平放置，在浅盘里倒入一些水，使水面离盘口距离小一些,先在浅盘水中撒些痱子粉，再用注射器把油酸酒精溶液滴4滴在水面上,用牙签把水面上的油膜尽量拨弄成矩形,B,https://gz.shuatiw.com/ias/attach/files/content/2020/0324/774d0860aca0e083bbf529158220_1007884ex.png,e083bbf529158220_1007884ex.png,,,,,
已知铜的密度为8.9×103kg/m3,原子量为64，通过估算可知每个铜原子所占的体积为（）,7×10<sup>-6</sup>m<sup>3</su,1×10<sup>-29</sup>m<sup>3</su,1×10<sup>-26</sup>m<sup>3</su,8×10<sup>-24</sup>m<sup>3</su,B,https://gz.shuatiw.com/ias/attach/files/content/2020/0324/591bb1f5171dc0f00029512ce261_1006646ex.png,c0f00029512ce261_1006646ex.png,,,,
用油膜法测出分子直径后，要测出阿伏加德罗常数，只需知道油滴的（）,摩尔质量,摩尔体积,体积,密度,B,https://gz.shuatiw.com/ias/attach/files/content/2020/0324/faab722969e8fb48c7c0064b841c_1007878ex.png,fb48c7c0064b841c_1007878ex.png,,,,,
在做“用油膜法估测分子的大小”实验时，先配制好浓度（单位体积溶液中含有纯油酸的体积）为η的油酸酒精溶液，并得到1滴油酸酒精溶液的体积为V用注射器在撒有均匀痱子粉的水面上滴l滴油酸酒精溶液，在水面上形成油酸薄膜，待薄膜形状稳定后测量出它的面积为S.关于本实验，下列说法正确的是（ ）,水面形成的油酸薄膜的体积为V,撒痱子粉是为了便于确定出油酸薄膜的轮廓,根据 <img height="42" src="/files/attach/files/content/2020/0324/91e772280d08bb5a18a636ccb993c337.png" v:shapes="_x0000_i1028" width="44"/> 可以估测油酸分子的直径,根据 <img height="44" src="/files/attach/files/content/2020/0324/a4c271d9e3465a32c2349002424311d5.png" v:shapes="_x0000_i1029" width="52"/> 可以估测油酸分子的直径,B,https://gz.shuatiw.com/ias/attach/files/content/2020/0324/a077887195ea28149af660594089_10774852ex.png,8149af660594089_10774852ex.png,,,,,
儿童的肺活量约为2L，在标准状态下，空气的摩尔体积为22.4L/mol．他一次吸气能吸入的空气分子数约为（已知阿伏加德罗常数NA=6.02×1023mol1）（ ）,5×10<sup>21</sup>个,5×10<sup>22</sup>个,5×10<sup>23</sup>个,5×10<sup>24</sup>个,B,https://gz.shuatiw.com/ias/attach/files/content/2020/0324/7ae29234d6902c59f7677ed87829_11095434ex.png,c59f7677ed87829_11095434ex.png,,,,,
下列说法错误的是（ ）,悬浮在水中的花粉的布朗运动反映了花粉分子的热运动,分子间的距离增大时，分子间的引力和斥力都减小,用油膜法估测分子大小，如果油膜没有充分展开，测出来的分子大小将偏大,空中的小雨滴呈球形是水的表面张力作用的结果,A,https://gz.shuatiw.com/ias/attach/files/content/2020/0324/88c50c35d14f7e620e4f4579deda_11397236ex.png,e620e4f4579deda_11397236ex.png,,,,,
下列可以算出阿伏加德罗常数的一组数据是(),水的密度和水的摩尔质量,水的摩尔质量和水分子的体积,水分子的体积和水分子的质量,水分子的质量和水的摩尔质量,D,https://gz.shuatiw.com/ias/attach/files/content/2020/0324/181981780242b4cce868ed22840e_1006641ex.png,b4cce868ed22840e_1006641ex.png,,,,,
关于一般分子直径的数量级，下列说法正确的是（ ）,10<sup></sup><sup>9</sup>m,10<sup></sup><sup>10</sup>m,10<sup></sup><sup>1</sup>nm,10nm,B,https://gz.shuatiw.com/ias/attach/files/content/2020/0324/cd702a18e69afc4d3934a1c502bf_3376469ex.png,fc4d3934a1c502bf_3376469ex.png,,,,,
利用油膜法测出了分子直径D后，若滴在液面上一滴油酸的体积为V，水面上形成的油膜面积为S，这滴油酸中的油酸分子数为N，阿伏加德罗常数为NA  ， 则下述表达式近似正确的是（）,V=<img src="/files/attach/files/content/2020/0324/1585030635.320.png">NπD<sup>3</sup></img,S=<img src="/files/attach/files/content/2020/0324/1585030636.106.png"/>NπD<sup>2</su,V=N<sub>A</sub>DS,S=N<sub>A</sub>πD<sup>2</su,A,https://gz.shuatiw.com/ias/attach/files/content/2020/0324/7e6a68abd22eb676a42cd384dfe6_1007880ex.png,b676a42cd384dfe6_1007880ex.png,,,,,
下列说法正确的是（ ）,只要知道水的摩尔质量和水分子的质量，就可以计算出阿伏加德罗常数,悬浮微粒越大，在某一瞬间撞击它的液体分子数就越多，布朗运动越明显,温度升高，分子热运动的平均动能一定增大，所有分子的速率都增大,根据热力学第二定律可知，热量不可能从低温物体传到高温物体,A,https://gz.shuatiw.com/ias/attach/files/content/2020/0324/fe91b5c069fa6c1eda94e886ad98_14724503ex.png,c1eda94e886ad98_14724503ex.png,,,,,
某振子做简谐运动的表达式为x=2sin（2πt+  ） cm，则该振子振动的振幅和周期为（　　）,2 cm，1 s,2 cm，2π s,1 cm， <img src="/files/attach/files/content/2020/0324/1585032373.504.png"/> s,1 cm，2π s,A,https://gz.shuatiw.com/ias/attach/files/content/2020/0324/fd2ead2536915b854924821aaeec_4429787ex.png,5b854924821aaeec_4429787ex.png,,,,,
如图是一水平弹簧振子做简谐振动的振动图像（x-t图），由图可推断，振动系统（）,在<i>t</i><sub>1</sub>和<i>t</i><sub>2</sub>时刻有相等的动能和相同的动量,在<i>t</i><sub>3</sub>和<i>t</i><sub>4</sub>时刻有相等的势能和相同的动量,在<i>t</i><sub>4</sub>和<i>t</i><sub>6</sub>时刻有相同的位移和速度,在<i>t</i><sub>1</sub>和<i>t</i><sub>6</sub>时刻有相同的速度和加速度,B,https://gz.shuatiw.com/ias/attach/files/content/2020/0324/9c22df5992961d9dbfdb1083feb2_1018998ex.png,1d9dbfdb1083feb2_1018998ex.png,,,,,
做简谐运动的弹簧振子，下述说法中正确的是（　　）,振子通过平衡位置时，加速度最大,振子在最大位移处时，速度最大,振子在连续两次通过同一位置时，位移相同,振子连续两次通过同一位置时，动能不同,C,https://gz.shuatiw.com/ias/attach/files/content/2020/0324/f52374d04658f20231a1253b73c1_4429525ex.png,f20231a1253b73c1_4429525ex.png,,,,,
卡车在水平道路上行驶,货物随车厢上下做简谐运动而不脱离底板,设向下为正方向,其振动图像如图所示,则货物对底板压力小于货物重力的时刻是(　　),时刻t<sub>1</sub,时刻t<sub>2</sub,时刻t<sub>4</sub,无法确定,C,https://gz.shuatiw.com/ias/attach/files/content/2020/0324/ab0df26bbb04f2e19f3cc6689ac8_1501115ex.png,f2e19f3cc6689ac8_1501115ex.png,
下列单摆的周期相对于地面上的固有周期变大的是 （ ）,加速向上的电梯中的单摆,在匀速水平方向前进的列车中的单摆,减速上升的电梯中的单摆,在匀速向上运动的电梯中的单摆,C,https://gz.shuatiw.com/ias/attach/files/content/2020/0324/87d9cd975c1071f14ece316c7299_1011578ex.png,71f14ece316c7299_1011578ex.png,,,,,
做简谐振动的物体，当它每次  经过同一位置时，可能不同的物理量是(　　),位 移　,速度,加速度,回复力,B,https://gz.shuatiw.com/ias/attach/files/content/2020/0324/5cae466e78b00570dd17b36fba80_1500908ex.png,0570dd17b36fba80_1500908ex.png,,,,,
在水平方向上做简谐运动的质点,其振动图像如图所示。假设向右的方向为正方向,则物体的位移向左且速度向右的时间段是(　　),0～1s内,1～2s内,2～3s内,3～4s内,D,https://gz.shuatiw.com/ias/attach/files/content/2020/0324/98139859150279d99bfcd1b735c4_1500922ex.png,79d99bfcd1b735c4_1500922ex.png,,,
平衡位置位于原点．的波源发出简谐横波在均匀介质中沿水平、轴传播，P、Q为x轴上的两个点（均位于x轴正向），P与O的距离为25cm，此距离介于一倍波长与二倍波长之间，已知波源自t=0时由平衡位置开始向上振动，周期T=1s．当波传到P点时，波源恰好处于波峰位置；此后再经过5s，平衡位置在Q处的质点第一次处于波峰位置，则P，Q之间的距离为（ ）,133cm,95cm,85cm,75cm,B,https://gz.shuatiw.com/ias/attach/files/content/2020/0324/35657f050a4a6e3610291179315b_3396240ex.png,6e3610291179315b_3396240ex.png,,,,,
一质点做简谐运动，其位移x与时间t的关系图象如图所示，由图可知，在t＝4 s时，质点的(　　),速度为正的最大值，加速度为零,速度为负的最大值，加速度为零,速度为零，加速度为负的最大值,速度  为零，加速度为正的最大值,C,https://gz.shuatiw.com/ias/attach/files/content/2020/0324/3649390d3668550337bb94692720_1500913ex.png,550337bb94692720_1500913ex.png,,,,,
一水平弹簧振子做简谐运动，周期为T，则(　　),若t时刻和(t＋Δt)时刻振子运动位移的大小相等、方向相同，则Δt一定等于T的整数倍,若t时刻和(t＋Δt)时刻振子运动位移的大小相等、方向相反，则Δt一定等于的整数倍,若Δt＝T，则在t时刻和(t＋Δt)时刻振子振动的加速度一定相等D.若Δt＝<img src="/files/attach/files/content/2020/0324/1585032348.824.png">  ， 则在t时刻和(t＋Δt)时刻弹簧振子的长度一定相等</img,C,https://gz.shuatiw.com/ias/attach/files/content/2020/0324/60b051627e2d180e3a94f920d366_1499935ex.png,180e3a94f920d366_1499935ex.png,,,,,,
如图所示，1、2、3、4…是某绳（可认为是均匀介质）上一系列等间距的质点．开始时绳处于水平方向，质点1在外力作用下沿竖直方向做简谐运动，带动2、3、4…各个质点依次上下振动，把振动从绳的左端传到右端．已知t=0时，质点1开始向下运动，经过二分之一周期，质点9开始运动．则在二分之一周期时，下列说法正确的是（　　）,质点3向上运动,质点5所受回复力为零,质点6的加速度向下,质点9的振幅为零,A,https://gz.shuatiw.com/ias/attach/files/content/2020/0324/3b658d3d815d1ec30934010a9db3_4393018ex.png,1ec30934010a9db3_4393018ex.png,,,,,
一个弹簧振子沿x轴做简谐运动,取平衡位置O为x轴坐标原点。从某时刻开始计时,经过四分之一的周期,振子具有沿x轴正方向的最大加速度。能正确反映振子位移x与时间t关系的图象是(　　),img src="/files/attach/files/content/2020/0324/1104c20ff567dcffb8a165597626203e.png",img src="/files/attach/files/content/2020/0324/dc1614c7f458d5ae9c7196502efe6b40.png",img src="/files/attach/files/content/2020/0324/6595246473a9693963d00578832033f2.png",img src="/files/attach/files/content/2020/0324/32d0cc9ca9897f255c94d4ecb049c7d3.png",A,https://gz.shuatiw.com/ias/attach/files/content/2020/0324/8d253b5b4764c22cf0e50734b8c5_1501114ex.png,c22cf0e50734b8c5_1501114ex.png,,
下列说法正确的是（　　）,一弹簧振子沿水平方向做简谐运动，则该振子所做的运动是匀变速直线运动,在某地的单摆，若摆长不变，当使摆球的质量增加、摆球经过平衡位置时的速度减小时，单摆做简谐运动的频率将不变，振幅将变小,做简谐运动的物体，每次经过同一位置时，速度一定相同,单摆在周期性外力作用下振动时，若外力的频率越大，则单摆的振幅就越大,B,https://gz.shuatiw.com/ias/attach/files/content/2020/0324/21e209ee7fbd22a77852e08c5f7a_4299334ex.png,22a77852e08c5f7a_4299334ex.png,,,,,
一做简谐运动的弹簧振子，其质量为m，最大速率为v0 ． 若从某时刻算起，在半个周期内，合外力（ ）,做功一定为0,做功一定不为0,做功一定是 <img src="/files/attach/files/content/2020/0324/1585032331.287.png"> mv<sub>0</sub><sup>2</sup></img,做功可能是0到 <img src="/files/attach/files/content/2020/0324/1585032331.287.png"/> mv<sub>0</sub><sup>2</sup>之间的某一个值,A,https://gz.shuatiw.com/ias/attach/files/content/2020/0324/bb6dad0224f58f33ddc12c226100_4858194ex.png,8f33ddc12c226100_4858194ex.png,,,,,
